{
  "uniqueID": 10035,
  "frameID": "155D_02579_100800",
  "primary_date": "20190216",
  "secondary_date": "20190222",
  "corrupted": 0,
  "processing_error": 0,
  "glacier_fringes": 1,
  "orbital_fringes": 0,
  "atmospheric_fringes": 1,
  "low_coherence": 1,
  "no_info": 0,
  "image_artifacts": 0,
  "label": [
    "Non_Deformation"
  ],
  "activity_type": [],
  "intensity_level": [],
  "phase": "Rest",
  "confidence": 0.8,
  "segmentation_mask": [],
  "is_crowd": 0,
  "caption": "Vertical stratification caused by atmospheric delays can be detected in high altitude  areas. Also, noisy areas can be detected due to low coherence. No deformation activity can be detected. Glacier fringes are detected on image."
}