{
  "uniqueID": 10043,
  "frameID": "155D_02579_100800",
  "primary_date": "20190228",
  "secondary_date": "20190306",
  "corrupted": 0,
  "processing_error": 0,
  "glacier_fringes": 1,
  "orbital_fringes": 0,
  "atmospheric_fringes": 2,
  "low_coherence": 0,
  "no_info": 0,
  "image_artifacts": 0,
  "label": [
    "Non_Deformation"
  ],
  "activity_type": [],
  "intensity_level": [],
  "phase": "Rest",
  "confidence": 0.8,
  "segmentation_mask": [],
  "is_crowd": 0,
  "caption": "Turbulent mixing effect or wave-like patterns caused by liquid and solid particles of the atmosphere can be detected around the area. No deformation activity can be detected. Glacier fringes are detected on image."
}