{
  "uniqueID": 10203,
  "frameID": "155D_02579_100800",
  "primary_date": "20191026",
  "secondary_date": "20191101",
  "corrupted": 0,
  "processing_error": 0,
  "glacier_fringes": 1,
  "orbital_fringes": 0,
  "atmospheric_fringes": 3,
  "low_coherence": 0,
  "no_info": 0,
  "image_artifacts": 0,
  "label": [
    "Non_Deformation"
  ],
  "activity_type": [],
  "intensity_level": [],
  "phase": "Rest",
  "confidence": 0.8,
  "segmentation_mask": [],
  "is_crowd": 0,
  "caption": "Vertical stratification and turbulent mixing effects can be detected around the area. No deformation activity can be detected. Glacier fringes are detected on image."
}