{
  "uniqueID": 10249,
  "frameID": "155D_02579_100800",
  "primary_date": "20200106",
  "secondary_date": "20200124",
  "corrupted": 0,
  "processing_error": 0,
  "glacier_fringes": 0,
  "orbital_fringes": 0,
  "atmospheric_fringes": 0,
  "low_coherence": 1,
  "no_info": 0,
  "image_artifacts": 0,
  "label": [
    "Deformation"
  ],
  "activity_type": [
    "Mogi"
  ],
  "intensity_level": [
    "Low"
  ],
  "phase": "Unrest",
  "confidence": 0.5,
  "segmentation_mask": [
    [
      472.60000000000036,
      377.10000000000036,
      466.6447361936098,
      380.397970351416,
      464.8000000000011,
      386.7000000000007,
      466.2369500666955,
      392.83544722227634,
      473.9848864780506,
      394.87437785684415,
      483.77175352397353,
      395.48605704721376,
      489.684652364218,
      394.87437785684415,
      497.0248026486606,
      389.165372080055,
      497.8403749024874,
      383.4563663032677,
      493.7625136333536,
      376.93178827265183,
      487.03404253928056,
      375.7084298919108,
      478.26664081064155,
      376.11621601882507
    ]
  ],
  "is_crowd": 0,
  "caption": "Noise can be detected on the top-right and central side of the area. A mogi-type deformation pattern of low intensity can be detected on the bottom-left side of the region. The atmospheric impact is low."
}