{
  "uniqueID": 10259,
  "frameID": "155D_02579_100800",
  "primary_date": "20200112",
  "secondary_date": "20200324",
  "corrupted": 0,
  "processing_error": 0,
  "glacier_fringes": 0,
  "orbital_fringes": 0,
  "atmospheric_fringes": 2,
  "low_coherence": 1,
  "no_info": 0,
  "image_artifacts": 0,
  "label": [
    "Deformation"
  ],
  "activity_type": [
    "Sill"
  ],
  "intensity_level": [
    "Medium"
  ],
  "phase": "Unrest",
  "confidence": 0.8,
  "segmentation_mask": [
    [
      506.3427734375,
      391.9794921875,
      509.6253939702856,
      389.73627265773393,
      507.56607402937334,
      385.454518325143,
      501.4696714320162,
      380.7649778656378,
      493.29355958740234,
      376.687116596504,
      477.20639688066694,
      377.09490272341645,
      461.69013475161046,
      380.56108480218063,
      448.66136799672677,
      386.88176976933937,
      446.3981549923574,
      391.36741716538745,
      452.1071607691447,
      396.0569576248927,
      455.98112897482315,
      399.727032767114,
      463.1377755021531,
      400.3387119574836,
      475.1470769397547,
      400.13481889402647,
      486.7893708631327,
      399.727032767114,
      495.3528795283146,
      396.87252987871943,
      500.8376029353003,
      394.221920053782
    ]
  ],
  "is_crowd": 0,
  "caption": "Noise can be detected on the wider area. A turbulent mixing effect can be detected on the bottom-left side of the region. A sill-type deformation pattern of medium intensity can be detected on the bottom-left side of the region. "
}