{
  "uniqueID": 10253,
  "frameID": "155D_02579_100800",
  "primary_date": "20200112",
  "secondary_date": "20200130",
  "corrupted": 0,
  "processing_error": 0,
  "glacier_fringes": 0,
  "orbital_fringes": 0,
  "atmospheric_fringes": 3,
  "low_coherence": 1,
  "no_info": 0,
  "image_artifacts": 0,
  "label": [
    "Deformation"
  ],
  "activity_type": [
    "Mogi"
  ],
  "intensity_level": [
    "Low"
  ],
  "phase": "Unrest",
  "confidence": 0.8,
  "segmentation_mask": [
    [
      501.3681640625,
      392.4150390625,
      506.50583009939874,
      385.80929225555883,
      498.90000000000146,
      380.40000000000146,
      484.2407075699248,
      377.9797986188205,
      463.9329584496354,
      379.2031569995597,
      448.27397117615874,
      385.3199489032613,
      441.9125075963093,
      391.68141248311076,
      448.0292995000109,
      394.61747259688855,
      466.8690185634114,
      396.819517682221,
      484.73005092222047,
      396.57484600607313,
      495.9849480250323,
      394.3728009207407
    ]
  ],
  "is_crowd": 0,
  "caption": "Noise can be detected on the top-right and central side of the area. A vertical stratification effect of low intensity can be detected on the central side of the region. A turbulent mixing effect can also be detected on the bottom-left side. A mogi-type deformation pattern of low intensity can be detected on the bottom-left side of the region."
}