{
  "uniqueID": 10255,
  "frameID": "155D_02579_100800",
  "primary_date": "20200112",
  "secondary_date": "20200217",
  "corrupted": 0,
  "processing_error": 0,
  "glacier_fringes": 0,
  "orbital_fringes": 0,
  "atmospheric_fringes": 2,
  "low_coherence": 1,
  "no_info": 0,
  "image_artifacts": 0,
  "label": [
    "Deformation"
  ],
  "activity_type": [
    "Sill"
  ],
  "intensity_level": [
    "Low"
  ],
  "phase": "Unrest",
  "confidence": 0.8,
  "segmentation_mask": [
    [
      456.8779296875,
      384.068359375,
      455.2471139463778,
      386.5147622551176,
      455.04322088292247,
      393.0393402857335,
      458.50940296168665,
      395.2821639837566,
      463.4028364846472,
      395.2821639837566,
      463.8106226115615,
      396.91330849141013,
      471.7624520863719,
      396.91330849141013,
      485.62718040143045,
      396.3016293010405,
      496.84129889154974,
      392.22376803190673,
      500.91916016068353,
      388.1459067627711,
      501.7347324145103,
      382.4369009859838,
      495.41404744735155,
      379.58239809758925,
      487.0544318456268,
      377.7473605264786,
      478.08313705353066,
      377.54346746302144,
      463.8106226115615,
      381.62132873215705
    ]
  ],
  "is_crowd": 0,
  "caption": "Noise can be detected on the top-right and central side of the area. A turbulent mixing effect can also be detected on the bottom-left and bottom-right side. A mogi-type deformation pattern of low intensity can be detected on the bottom-left side of the region."
}