{
  "uniqueID": 10254,
  "frameID": "155D_02579_100800",
  "primary_date": "20200112",
  "secondary_date": "20200205",
  "corrupted": 0,
  "processing_error": 0,
  "glacier_fringes": 0,
  "orbital_fringes": 0,
  "atmospheric_fringes": 1,
  "low_coherence": 1,
  "no_info": 0,
  "image_artifacts": 0,
  "label": [
    "Deformation"
  ],
  "activity_type": [
    "Sill"
  ],
  "intensity_level": [
    "Low"
  ],
  "phase": "Unrest",
  "confidence": 0.8,
  "segmentation_mask": [
    [
      492.2470703125,
      394.310546875,
      484.09118599005524,
      396.1792934629666,
      475.5956416793597,
      396.3152221719374,
      465.91072116516443,
      396.6550439443654,
      458.264731285537,
      394.78602419601157,
      453.8470482439752,
      391.5577173579477,
      454.1868700164032,
      386.80021254395615,
      455.885978878543,
      385.2710145680321,
      464.02471032818903,
      383.91172747832024,
      469.9885824342982,
      381.3630641851105,
      479.6735029484935,
      378.98431177811653,
      490.5477996661848,
      379.1542226643305,
      496.32476979745843,
      379.1542226643305,
      499.38316574931014,
      384.4214601369622,
      501.4220963838761,
      390.5382520406638,
      497.34423511474233,
      392.91700444765775
    ]
  ],
  "is_crowd": 0,
  "caption": "Noise can be detected on the top-right and central side of the area. A vertical stratification effect of low intensity can be detected on the central side of the region. A sill-type deformation pattern of low intensity can be detected on the bottom-left side of the region."
}