{
  "uniqueID": 10262,
  "frameID": "155D_02579_100800",
  "primary_date": "20200112",
  "secondary_date": "20200411",
  "corrupted": 0,
  "processing_error": 0,
  "glacier_fringes": 0,
  "orbital_fringes": 0,
  "atmospheric_fringes": 0,
  "low_coherence": 1,
  "no_info": 0,
  "image_artifacts": 0,
  "label": [
    "Deformation"
  ],
  "activity_type": [
    "Sill"
  ],
  "intensity_level": [
    "High"
  ],
  "phase": "Unrest",
  "confidence": 0.8,
  "segmentation_mask": [
    [
      489.2607421875,
      398.2802734375,
      505.0118632462818,
      393.2416448121003,
      515.3301252773472,
      391.70814514718586,
      511.1677690440083,
      385.5741464875282,
      501.0904855317149,
      379.22107644716925,
      496.2490080181997,
      376.5922198787448,
      485.9745602632738,
      375.71593435593604,
      470.8367278567639,
      376.3731484980435,
      448.7324255439271,
      383.6025040612094,
      444.13192654918385,
      388.20300305595265,
      447.41799725971396,
      397.40400104543914,
      453.33292453867034,
      399.8137862331605,
      464.26458643570186,
      400.471000375268,
      482.6884895527437,
      400.2519289945649
    ]
  ],
  "is_crowd": 0,
  "caption": "Noise can be detected on the wider area. A sill-type deformation pattern of high intensity can be detected on the bottom-left side of the region. The atmospheric impact is low. "
}