{
  "uniqueID": 10264,
  "frameID": "155D_02579_100800",
  "primary_date": "20200112",
  "secondary_date": "20200505",
  "corrupted": 0,
  "processing_error": 0,
  "glacier_fringes": 0,
  "orbital_fringes": 0,
  "atmospheric_fringes": 2,
  "low_coherence": 1,
  "no_info": 0,
  "image_artifacts": 0,
  "label": [
    "Deformation"
  ],
  "activity_type": [
    "Sill"
  ],
  "intensity_level": [
    "Medium"
  ],
  "phase": "Unrest",
  "confidence": 0.8,
  "segmentation_mask": [
    [
      502.021484375,
      392.5224609375,
      507.4983234172505,
      385.9502190244002,
      506.7680854815753,
      377.91760173199145,
      499.2831466409225,
      374.63153102146134,
      490.7028508967596,
      372.0756982466046,
      476.09809218329065,
      371.89313876268534,
      458.389822243209,
      377.5524827641548,
      449.07928856337276,
      383.75950521738014,
      447.80137217594347,
      392.339800961543,
      454.19095411308626,
      398.3642639308491,
      461.3107739859024,
      399.0945018665225,
      469.3433912783112,
      398.3642639308491,
      481.9399956686775,
      396.9037880595024,
      490.5202914128422,
      396.9037880595024,
      495.6319569625557,
      394.71307425248233
    ]
  ],
  "is_crowd": 0,
  "caption": "Noise can be detected on the central and top-right side of the area. A turbulent mixing effect can be detected on the bottom-right and top-left side of the region. A sill-type deformation pattern of medium intensity can be detected on the bottom-left side of the region."
}