{
  "uniqueID": 10278,
  "frameID": "155D_02579_100800",
  "primary_date": "20200124",
  "secondary_date": "20200205",
  "corrupted": 0,
  "processing_error": 0,
  "glacier_fringes": 0,
  "orbital_fringes": 0,
  "atmospheric_fringes": 2,
  "low_coherence": 0,
  "no_info": 0,
  "image_artifacts": 0,
  "label": [
    "Deformation"
  ],
  "activity_type": [
    "Sill"
  ],
  "intensity_level": [
    "Low"
  ],
  "phase": "Unrest",
  "confidence": 0.8,
  "segmentation_mask": [
    [
      476.4345703125,
      397.03515625,
      460.58426400348617,
      397.03539967611505,
      455.10000000000036,
      389.5,
      456.0375066556044,
      385.2984214060016,
      466.49504855573286,
      381.91478803083373,
      478.87703193798734,
      378.95410882756187,
      496.21815298572255,
      377.7909848548479,
      502.56246556416227,
      383.92382034733964,
      502.2452499352403,
      392.70011941418124,
      489.97957895025684,
      394.70915173068715
    ]
  ],
  "is_crowd": 0,
  "caption": "Noise can be detected on the top-right side of the area. Turbulent mixing effect can be detected on the central and top-left side of the region.  A sill-type deformation pattern of low intensity can be detected on the bottom-left side of the region."
}