{
  "uniqueID": 10280,
  "frameID": "155D_02579_100800",
  "primary_date": "20200124",
  "secondary_date": "20200217",
  "corrupted": 0,
  "processing_error": 0,
  "glacier_fringes": 0,
  "orbital_fringes": 0,
  "atmospheric_fringes": 3,
  "low_coherence": 0,
  "no_info": 0,
  "image_artifacts": 0,
  "label": [
    "Deformation"
  ],
  "activity_type": [
    "Sill"
  ],
  "intensity_level": [
    "Low"
  ],
  "phase": "Unrest",
  "confidence": 0.8,
  "segmentation_mask": [
    [
      483.1923828125,
      396.341796875,
      472.8386018425226,
      397.5595312267542,
      464.4641097635031,
      396.3414232879877,
      460.2007319778204,
      392.9916264563799,
      459.59167800843716,
      386.13976930081844,
      468.42296056449413,
      380.9628105610609,
      476.49292565882206,
      378.67885817587376,
      484.10610027611256,
      377.30848674476147,
      494.0032272785902,
      378.37433119118214,
      502.68224634230137,
      380.04922960698605,
      506.3365701586008,
      382.6377089768648,
      507.7069415897131,
      389.03277565538883,
      499.9415034800768,
      392.07804550230503,
      495.3735987097025,
      392.68709947168827
    ]
  ],
  "is_crowd": 0,
  "caption": "Noise can be detected on the top-right side of the area. Turbulent mixing effect can be detected on the central, top-right and top-left side of the region. Vertical stratification effect of low intensity can also be detected on the central side of the region.  A sill-type deformation pattern of low intensity can be detected on the bottom-left side of the region. "
}