{
  "uniqueID": 10282,
  "frameID": "155D_02579_100800",
  "primary_date": "20200130",
  "secondary_date": "20200211",
  "corrupted": 0,
  "processing_error": 0,
  "glacier_fringes": 0,
  "orbital_fringes": 0,
  "atmospheric_fringes": 2,
  "low_coherence": 1,
  "no_info": 0,
  "image_artifacts": 0,
  "label": [
    "Deformation"
  ],
  "activity_type": [
    "Sill"
  ],
  "intensity_level": [
    "Low"
  ],
  "phase": "Unrest",
  "confidence": 0.5,
  "segmentation_mask": [
    [
      470.4401806086298,
      394.87017948255016,
      463.84018051028215,
      394.3701794750996,
      462.64018049240076,
      391.17017942741586,
      463.14018049985134,
      386.67017936036063,
      465.14018052965366,
      384.37017932608796,
      474.7401806727048,
      382.37017929628564,
      480.44018075764143,
      382.1701792933054,
      489.84018089771234,
      381.9701792903252,
      493.2401809483763,
      382.37017929628564,
      496.04018099009954,
      384.17017932310773,
      497.0401810050007,
      386.3701793558903,
      495.0401809751984,
      390.6701794199653,
      489.0401808857914,
      392.6701794497676,
      483.74018080681526,
      394.27017947360946,
      477.8401807188984,
      395.2701794885106
    ]
  ],
  "is_crowd": 0,
  "caption": "Noise can be detected on the top-right and central side of the area. Turbulent mixing effect can be detected on the central-left and top-left side of the region.  A sill-type deformation pattern of low intensity can be detected on the bottom-left side of the region."
}