{
  "uniqueID": 10308,
  "frameID": "155D_02579_100800",
  "primary_date": "20200306",
  "secondary_date": "20200330",
  "corrupted": 0,
  "processing_error": 0,
  "glacier_fringes": 0,
  "orbital_fringes": 0,
  "atmospheric_fringes": 2,
  "low_coherence": 1,
  "no_info": 0,
  "image_artifacts": 0,
  "label": [
    "Deformation"
  ],
  "activity_type": [
    "Sill"
  ],
  "intensity_level": [
    "Low"
  ],
  "phase": "Unrest",
  "confidence": 0.8,
  "segmentation_mask": [
    [
      472.57421875,
      397.396484375,
      467.0979096261144,
      398.30949608567425,
      455.77922162317554,
      395.7536633108175,
      452.8582698804821,
      389.3640813736747,
      454.86642420358476,
      384.2524158239594,
      466.36767169044106,
      380.05354769383666,
      479.14683556472664,
      376.76747698330655,
      497.03766498872756,
      375.85467956371394,
      499.958616731421,
      380.96634511342927,
      500.68885466709435,
      386.6256891148987,
      499.22837879574763,
      393.3803900198782,
      490.4655235676655,
      397.03157969824497,
      482.4329062752586,
      398.30949608567425
    ]
  ],
  "is_crowd": 0,
  "caption": "Noise can be detected on the central, bottom-right and top-right side of the area. Turbulent mixing effect can be detected on the top-left side of the region. A sill-type deformation pattern of low intensity can be detected on the bottom-left side of the region."
}