{
  "uniqueID": 10307,
  "frameID": "155D_02579_100800",
  "primary_date": "20200306",
  "secondary_date": "20200324",
  "corrupted": 0,
  "processing_error": 0,
  "glacier_fringes": 0,
  "orbital_fringes": 0,
  "atmospheric_fringes": 0,
  "low_coherence": 1,
  "no_info": 0,
  "image_artifacts": 0,
  "label": [
    "Deformation"
  ],
  "activity_type": [
    "Sill"
  ],
  "intensity_level": [
    "Low"
  ],
  "phase": "Unrest",
  "confidence": 0.8,
  "segmentation_mask": [
    [
      478.0791015625,
      395.044921875,
      474.1460047602668,
      395.67954863309933,
      463.36067363023903,
      396.7961476206783,
      457.90456494093087,
      394.38530889749563,
      457.3970199465766,
      390.5787214398388,
      461.7111523985877,
      386.5183614850048,
      468.68989607095864,
      383.2193190217022,
      478.4601372122779,
      382.58488777875937,
      488.73792334795144,
      382.58488777875937,
      492.7982833027854,
      384.7419540047649,
      493.05205579996255,
      388.67542771101034,
      492.03696581125405,
      393.2433326601986,
      488.86480959654,
      395.5272851347927,
      485.1851083874717,
      396.1617163777355
    ]
  ],
  "is_crowd": 0,
  "caption": "Noise can be detected on the central, bottom-right and top-right side of the area. A sill-type deformation pattern of low intensity can be detected on the bottom-left side of the region. The atmospheric impact is low."
}