{
  "uniqueID": 10312,
  "frameID": "155D_02579_100800",
  "primary_date": "20200312",
  "secondary_date": "20200330",
  "corrupted": 0,
  "processing_error": 0,
  "glacier_fringes": 0,
  "orbital_fringes": 0,
  "atmospheric_fringes": 2,
  "low_coherence": 1,
  "no_info": 0,
  "image_artifacts": 0,
  "label": [
    "Deformation"
  ],
  "activity_type": [
    "Sill"
  ],
  "intensity_level": [
    "Low"
  ],
  "phase": "Unrest",
  "confidence": 0.5,
  "segmentation_mask": [
    [
      480.935546875,
      398.1455078125,
      474.9114555378201,
      399.2405494536579,
      464.14044598663713,
      399.60566842149456,
      458.29854250125027,
      397.78007358231116,
      452.4566390158616,
      399.0579899697386,
      448.8054493374948,
      397.78007358231116,
      450.6310441766782,
      390.47769422557576,
      452.4566390158616,
      385.73114764369893,
      466.1486003097398,
      381.5322795135762,
      482.3963943784747,
      376.23805447994346,
      493.16740392965767,
      374.41245964076006,
      498.6441884472097,
      376.0554949960242,
      501.38258070598386,
      381.8973984814129,
      505.7640083200258,
      385.36602867586225,
      509.05007903055593,
      387.5567424828823,
      504.8512109004332,
      392.66840803259583,
      497.5488315436978,
      393.3986459682692,
      493.3499634135769,
      394.8591218396159,
      485.31734612116816,
      398.32775203406527
    ]
  ],
  "is_crowd": 0,
  "caption": "Noise can be detected on the central, bottom-right and top-right side of the area. Turbulent mixing effect can be detected on the top-left and top-right side of the region. Vertical stratification effect of low intensity can also be detected on the central side. A sill-type deformation pattern of low intensity can be detected on the bottom-left side of the region."
}