{
  "uniqueID": 10313,
  "frameID": "155D_02579_100800",
  "primary_date": "20200312",
  "secondary_date": "20200405",
  "corrupted": 0,
  "processing_error": 0,
  "glacier_fringes": 0,
  "orbital_fringes": 0,
  "atmospheric_fringes": 0,
  "low_coherence": 1,
  "no_info": 0,
  "image_artifacts": 0,
  "label": [
    "Deformation"
  ],
  "activity_type": [
    "Sill"
  ],
  "intensity_level": [
    "Low"
  ],
  "phase": "Unrest",
  "confidence": 0.8,
  "segmentation_mask": [
    [
      493.970703125,
      373.8466796875,
      475.34959829921536,
      376.0372390476241,
      451.79942487374683,
      382.6093804686843,
      447.9656757114608,
      389.18152188974636,
      446.6877593240315,
      397.0315796982359,
      453.0773412611743,
      398.83891858902825,
      469.32513532990924,
      398.30949608566516,
      479.36590694542065,
      397.9443771178285,
      498.3520932729298,
      394.29318743945987,
      508.0277459206045,
      392.1024736324398,
      518.6161959878682,
      386.0780106631337,
      519.3464339235416,
      380.2361071777468,
      510.7661381793787,
      375.6721200797874
    ]
  ],
  "is_crowd": 0,
  "caption": "Noise can be detected on the top-right side of the area. A sill-type deformation pattern of low intensity can be detected on the bottom-left side of the region. The atmospheric impact is low."
}