{
  "uniqueID": 10316,
  "frameID": "155D_02579_100800",
  "primary_date": "20200318",
  "secondary_date": "20200330",
  "corrupted": 0,
  "processing_error": 0,
  "glacier_fringes": 0,
  "orbital_fringes": 0,
  "atmospheric_fringes": 1,
  "low_coherence": 1,
  "no_info": 0,
  "image_artifacts": 0,
  "label": [
    "Deformation"
  ],
  "activity_type": [
    "Sill"
  ],
  "intensity_level": [
    "Low"
  ],
  "phase": "Unrest",
  "confidence": 0.6,
  "segmentation_mask": [
    [
      479.29296875,
      397.3388671875,
      464.840257341657,
      397.49102106610735,
      457.2336121783919,
      393.687698484473,
      456.6250805653308,
      387.6023823538617,
      462.1018650828828,
      383.34266106243376,
      472.5990354081878,
      378.9308068677383,
      488.57299025104476,
      375.43175009263723,
      499.8308250926784,
      376.344547512228,
      502.5692173514544,
      381.2128004167189,
      503.4820147710452,
      387.1459836440663,
      496.78816702737277,
      392.6227681616165,
      487.05166121839284,
      395.9696920334536
    ]
  ],
  "is_crowd": 0,
  "caption": "Noise can be detected on the central, bottom-right and top-right side of the area. Vertical stratification effect of low intensity can be detected on the central, top and top-left side. A sill-type deformation pattern of low intensity can be detected on the bottom-left side of the region."
}