{
  "uniqueID": 10328,
  "frameID": "155D_02579_100800",
  "primary_date": "20200330",
  "secondary_date": "20200423",
  "corrupted": 0,
  "processing_error": 0,
  "glacier_fringes": 0,
  "orbital_fringes": 0,
  "atmospheric_fringes": 2,
  "low_coherence": 0,
  "no_info": 0,
  "image_artifacts": 0,
  "label": [
    "Deformation"
  ],
  "activity_type": [
    "Sill"
  ],
  "intensity_level": [
    "Low"
  ],
  "phase": "Unrest",
  "confidence": 0.7,
  "segmentation_mask": [
    [
      482.625,
      397.59765625,
      470.75822727867853,
      396.9889824853308,
      460.4131898566375,
      394.4027231298205,
      456.9141330815346,
      393.18565990369825,
      455.5449369521466,
      390.1430018383926,
      456.30560146847347,
      386.79607796655546,
      461.63025308275974,
      384.05768570777946,
      468.17196792316827,
      381.16716054573953,
      486.42791631500404,
      378.1245024804339,
      492.96963115541257,
      379.03729990002466,
      496.92508664031084,
      383.2970211914526,
      497.83788405990344,
      389.53447022533146,
      495.4037576076571,
      392.5771282906371,
      488.25351115418744,
      395.1633876461474
    ]
  ],
  "is_crowd": 0,
  "caption": "Noise can be detected on the top-right side of the area. Turbulent mixing effect can be detected on the top-left side of the region. A sill-type deformation pattern of low intensity can be detected on the bottom-left side of the region. "
}