{
  "uniqueID": 10327,
  "frameID": "155D_02579_100800",
  "primary_date": "20200330",
  "secondary_date": "20200417",
  "corrupted": 0,
  "processing_error": 0,
  "glacier_fringes": 0,
  "orbital_fringes": 0,
  "atmospheric_fringes": 2,
  "low_coherence": 0,
  "no_info": 0,
  "image_artifacts": 0,
  "label": [
    "Deformation"
  ],
  "activity_type": [
    "Sill"
  ],
  "intensity_level": [
    "Low"
  ],
  "phase": "Unrest",
  "confidence": 0.5,
  "segmentation_mask": [
    [
      482.4697265625,
      399.0947265625,
      468.77745687816423,
      398.91194238260505,
      451.6168653898367,
      399.0945018665225,
      444.3144860331031,
      396.721228575585,
      443.58424809742974,
      386.68045696007357,
      448.14823519538913,
      380.10831553901335,
      465.1262671997956,
      375.54432844105395,
      487.03340527,
      373.71873360187055,
      507.29750798494024,
      375.3617689571347,
      508.75798385628696,
      380.2908750229308,
      507.48006746885767,
      386.68045696007357,
      504.376556242245,
      391.24444405803297,
      497.4392958533481,
      392.7049199293797,
      491.5973923679594,
      396.3561096077465,
      485.0252509468992,
      398.3642639308491
    ]
  ],
  "is_crowd": 0,
  "caption": "Noise can be detected on the top-right side of the area. Turbulent mixing effect can be detected on the wider top and bottom-left side of the region. A sill-type deformation pattern of low intensity can be detected on the bottom-left side of the region. "
}