{
  "uniqueID": 10320,
  "frameID": "155D_02579_100800",
  "primary_date": "20200318",
  "secondary_date": "20200628",
  "corrupted": 0,
  "processing_error": 0,
  "glacier_fringes": 0,
  "orbital_fringes": 0,
  "atmospheric_fringes": 0,
  "low_coherence": 1,
  "no_info": 0,
  "image_artifacts": 0,
  "label": [
    "Deformation"
  ],
  "activity_type": [
    "Sill"
  ],
  "intensity_level": [
    "Low"
  ],
  "phase": "Unrest",
  "confidence": 0.8,
  "segmentation_mask": [
    [
      476.4814453125,
      398.802734375,
      470.6395636141315,
      398.4372877244168,
      462.40613088941245,
      398.07216875658014,
      455.48712644890657,
      394.42097907821335,
      454.93944799715064,
      389.309313528498,
      461.5115894182127,
      383.46741004311116,
      474.63761631194393,
      379.45110139690587,
      483.41872748841706,
      377.07782810596836,
      491.99902323257993,
      377.6255065577225,
      497.2932482662127,
      378.90342294515176,
      499.2831466409225,
      384.7453264305386,
      499.46570612484174,
      390.40467043200806,
      495.83277239486597,
      394.2384195942941,
      487.7818991540662,
      397.3419308209068
    ]
  ],
  "is_crowd": 0,
  "caption": "Noise can be detected on the central, bottom-right and top-right side of the area. A sill-type deformation pattern of low intensity can be detected on the bottom-left side of the region. The atmospheric impact is low. "
}