{
  "uniqueID": 10361,
  "frameID": "155D_02579_100800",
  "primary_date": "20200517",
  "secondary_date": "20200610",
  "corrupted": 0,
  "processing_error": 0,
  "glacier_fringes": 0,
  "orbital_fringes": 0,
  "atmospheric_fringes": 2,
  "low_coherence": 0,
  "no_info": 0,
  "image_artifacts": 0,
  "label": [
    "Deformation"
  ],
  "activity_type": [
    "Sill"
  ],
  "intensity_level": [
    "Low"
  ],
  "phase": "Unrest",
  "confidence": 0.6,
  "segmentation_mask": [
    [
      483.994140625,
      395.7109375,
      477.452075022351,
      396.47173061422836,
      465.1293098578626,
      395.7110660979033,
      460.108924050106,
      392.66840803259583,
      461.17385437296434,
      386.8873577085142,
      471.2146259884739,
      380.1935099648417,
      481.7117963137807,
      377.15085189953425,
      487.34071373459665,
      376.8465860930046,
      497.53361825337197,
      376.3901873832092,
      503.1625356741879,
      378.8243138354537,
      505.140263416637,
      382.3233706105548,
      505.29239631990276,
      386.1266931921873,
      503.01040277092216,
      390.6906802901467,
      498.1421498664331,
      394.03760416198384,
      490.8397705096977,
      395.86319900116723
    ]
  ],
  "is_crowd": 0,
  "caption": "Noise can be detected on the top-right side of the area. Turbulent mixing effect can be detected on the top-left and central side of the region. A sill-type deformation pattern of low intensity can be detected on the bottom-left side of the region. "
}