{
  "uniqueID": 10360,
  "frameID": "155D_02579_100800",
  "primary_date": "20200517",
  "secondary_date": "20200604",
  "corrupted": 0,
  "processing_error": 0,
  "glacier_fringes": 0,
  "orbital_fringes": 0,
  "atmospheric_fringes": 2,
  "low_coherence": 1,
  "no_info": 0,
  "image_artifacts": 0,
  "label": [
    "Deformation"
  ],
  "activity_type": [
    "Sill"
  ],
  "intensity_level": [
    "Low"
  ],
  "phase": "Unrest",
  "confidence": 0.6,
  "segmentation_mask": [
    [
      471.19921875,
      398.0693359375,
      464.8098307610053,
      398.2212590017807,
      457.94863682373943,
      393.80940480708523,
      456.2903881781476,
      390.3103480319842,
      459.18091334018754,
      386.8112912568813,
      464.8098307610053,
      383.1601015785145,
      472.5686088275361,
      379.5089119001477,
      483.06577915284106,
      377.37905125443285,
      494.47574689773865,
      378.4439815772894,
      499.1918668989638,
      380.2695764164746,
      499.1918668989638,
      384.22503190137104,
      498.2790694793712,
      389.39755061239157,
      497.9748036728415,
      394.5700693234121,
      489.74441360618766,
      397.3084615821881,
      481.0880514103919,
      397.46059448545384
    ]
  ],
  "is_crowd": 0,
  "caption": "Noise can be detected on the top-right side of the area. Turbulent mixing effect can be detected on the top-left and central side of the region. A sill-type deformation pattern of low intensity can be detected on the bottom-left side of the region.  "
}