{
  "uniqueID": 10378,
  "frameID": "155D_02579_100800",
  "primary_date": "20200610",
  "secondary_date": "20200821",
  "corrupted": 0,
  "processing_error": 0,
  "glacier_fringes": 0,
  "orbital_fringes": 0,
  "atmospheric_fringes": 3,
  "low_coherence": 1,
  "no_info": 0,
  "image_artifacts": 0,
  "label": [
    "Deformation"
  ],
  "activity_type": [
    "Dyke"
  ],
  "intensity_level": [
    "Low"
  ],
  "phase": "Unrest",
  "confidence": 0.7,
  "segmentation_mask": [
    [
      568.5595703125,
      374.2041015625,
      564.0325521055456,
      371.008758568978,
      548.05596552506,
      368.34599413889555,
      529.6828909575015,
      371.008758568978,
      516.1027923640886,
      377.9319460871884,
      513.9725808200237,
      386.1865158204382,
      516.1027923640886,
      389.38183313653644,
      523.5585327683148,
      391.7783211236092,
      529.9491674005094,
      393.3759797816565,
      550.9850063981485,
      392.0445975666171,
      561.9023405614807,
      388.0504509214952,
      565.0976578775771,
      383.79002783336546,
      561.1035112324571,
      380.59471051726905,
      560.8372347894492,
      378.99705185921994
    ]
  ],
  "is_crowd": 0,
  "caption": "Noise can be detected on the top-right side of the area. Turbulent mixing effect can be detected on the top-left side of the region. Vertical stratification is also detected on the central side. A dyke-type deformation pattern of low intensity can be detected on the bottom-left side of the region. "
}