{
  "uniqueID": 10380,
  "frameID": "155D_02579_100800",
  "primary_date": "20200610",
  "secondary_date": "20200902",
  "corrupted": 0,
  "processing_error": 0,
  "glacier_fringes": 0,
  "orbital_fringes": 0,
  "atmospheric_fringes": 1,
  "low_coherence": 1,
  "no_info": 0,
  "image_artifacts": 0,
  "label": [
    "Deformation"
  ],
  "activity_type": [
    "Dyke"
  ],
  "intensity_level": [
    "Low"
  ],
  "phase": "Unrest",
  "confidence": 0.7,
  "segmentation_mask": [
    [
      567.9130859375,
      378.73046875,
      568.6840070812759,
      374.87851959789623,
      562.3661053663855,
      371.95071148611714,
      549.1139212814905,
      369.6392840294484,
      534.937166213931,
      371.334330831005,
      521.0686014739258,
      375.80309058056264,
      515.0588900865896,
      385.9733713898986,
      519.3735546723692,
      387.3602278638991,
      518.6030788534808,
      390.2880359756782,
      522.7636482754824,
      391.21260695834644,
      547.72706480749,
      391.9830827772348,
      566.372579624609,
      387.3602278638991,
      572.3822910119434,
      383.3537536056756,
      571.1495297017209,
      379.34727934745206
    ]
  ],
  "is_crowd": 0,
  "caption": "Noise can be detected on the top-right side of the area. Vertical stratification effect of low intensity can be detected on the central side of the region. A dyke-type deformation pattern of low intensity can be detected on the bottom-left side of the region. "
}