{
  "uniqueID": 10385,
  "frameID": "155D_02579_100800",
  "primary_date": "20200610",
  "secondary_date": "20201002",
  "corrupted": 0,
  "processing_error": 0,
  "glacier_fringes": 0,
  "orbital_fringes": 0,
  "atmospheric_fringes": 1,
  "low_coherence": 0,
  "no_info": 0,
  "image_artifacts": 0,
  "label": [
    "Deformation"
  ],
  "activity_type": [
    "Dyke"
  ],
  "intensity_level": [
    "Low"
  ],
  "phase": "Unrest",
  "confidence": 0.7,
  "segmentation_mask": [
    [
      554.1494140625,
      378.4384765625,
      549.0133313829156,
      378.5455564536878,
      542.271667967636,
      374.800187889643,
      533.9248465963374,
      374.2651352376379,
      523.3308040866104,
      378.22452486248403,
      517.5522354449422,
      383.5750513825478,
      517.6592459753429,
      386.0362935817775,
      519.7994565833687,
      386.5713462337844,
      519.7994565833687,
      388.7115568418085,
      532.2126781099159,
      388.0694936594009,
      544.4118785756618,
      387.7484620681971,
      554.7919000245856,
      388.7115568418085,
      567.0981110207304,
      389.2466094938154,
      571.0575006455783,
      384.0030935041523,
      569.4523426895594,
      379.72267228810233,
      562.0686160918722,
      379.1876196360954
    ]
  ],
  "is_crowd": 0,
  "caption": "Noise can be detected on the top-right side of the area. Turbulent mixing effect can be detected on the top-left and central side of the region. A dyke-type deformation pattern of low intensity can be detected on the bottom-left side of the region.  "
}