{
  "uniqueID": 10383,
  "frameID": "155D_02579_100800",
  "primary_date": "20200610",
  "secondary_date": "20200920",
  "corrupted": 0,
  "processing_error": 0,
  "glacier_fringes": 0,
  "orbital_fringes": 0,
  "atmospheric_fringes": 3,
  "low_coherence": 1,
  "no_info": 0,
  "image_artifacts": 0,
  "label": [
    "Deformation"
  ],
  "activity_type": [
    "Dyke"
  ],
  "intensity_level": [
    "Low"
  ],
  "phase": "Unrest",
  "confidence": 0.7,
  "segmentation_mask": [
    [
      552.7353515625,
      378.361328125,
      546.2631607516014,
      376.6660234977189,
      529.6208830635951,
      378.2069751354975,
      519.7587925818134,
      382.36754455749906,
      518.2178409440367,
      386.0658284881665,
      519.9128877455914,
      387.298589798389,
      528.3881217533726,
      387.298589798389,
      531.0077395375956,
      389.30182692749986,
      545.338589768935,
      389.30182692749986,
      556.5875367247154,
      387.6067801259451,
      566.9119126978312,
      388.2231607810554,
      570.3020063009426,
      385.44944783305436,
      570.6101966284987,
      378.8233557906078,
      562.1349626207175,
      378.51516546305174,
      556.4334415609392,
      378.51516546305174
    ]
  ],
  "is_crowd": 0,
  "caption": "Noise can be detected on the top-right side of the area. Vertical stratification effect of low intensity can be detected on the central side of the region. Turbulent mixing effect is also detected on the top-left side. A dyke-type deformation pattern of low intensity can be detected on the bottom-left side of the region.  "
}