{
  "uniqueID": 10384,
  "frameID": "155D_02579_100800",
  "primary_date": "20200610",
  "secondary_date": "20200926",
  "corrupted": 0,
  "processing_error": 0,
  "glacier_fringes": 0,
  "orbital_fringes": 0,
  "atmospheric_fringes": 2,
  "low_coherence": 0,
  "no_info": 0,
  "image_artifacts": 0,
  "label": [
    "Deformation"
  ],
  "activity_type": [
    "Dyke"
  ],
  "intensity_level": [
    "Low"
  ],
  "phase": "Unrest",
  "confidence": 0.7,
  "segmentation_mask": [
    [
      557.1015625,
      378.76171875,
      553.2488081761985,
      376.96394081435756,
      541.0496077104544,
      375.8082270860232,
      525.2548534232265,
      377.47759136028435,
      518.3205710532238,
      381.20155781824724,
      517.2932699613702,
      386.7233011869539,
      521.9161248747059,
      387.6221896423249,
      518.4489836897046,
      390.9609181908436,
      525.2548534232265,
      391.9882192826972,
      542.8473846211946,
      391.85980664621457,
      559.0273768178668,
      391.7313940097338,
      570.0708635552783,
      388.13584018824986,
      572.2538783754644,
      383.1277473654718,
      570.4561014647243,
      379.1469556345437,
      565.0627707324984,
      378.7617177250995
    ]
  ],
  "is_crowd": 0,
  "caption": "Noise can be detected on the top-right side of the area. Turbulent mixing effect can be detected on the top-left, top-right and central side of the region. A dyke-type deformation pattern of low intensity can be detected on the bottom-left side of the region.  "
}