{
  "uniqueID": 10420,
  "frameID": "155D_02579_100800",
  "primary_date": "20200710",
  "secondary_date": "20200815",
  "corrupted": 0,
  "processing_error": 0,
  "glacier_fringes": 0,
  "orbital_fringes": 0,
  "atmospheric_fringes": 2,
  "low_coherence": 0,
  "no_info": 0,
  "image_artifacts": 0,
  "label": [
    "Deformation"
  ],
  "activity_type": [
    "Dyke"
  ],
  "intensity_level": [
    "Low"
  ],
  "phase": "Unrest",
  "confidence": 0.8,
  "segmentation_mask": [
    [
      504.2431640625,
      386.1875,
      500.1350908992081,
      383.14488828818867,
      501.0478883188007,
      378.733034093495,
      507.28533735267774,
      377.363837964107,
      515.8047799355354,
      376.7553063510459,
      523.4114250988005,
      377.05957215757553,
      528.583943809821,
      377.66810377063666,
      531.1702031653313,
      378.8851669967589,
      532.9957980045147,
      380.7107618359423,
      539.8417786514528,
      384.2098186110452,
      539.2332470383917,
      387.70887538614807,
      531.4744689718627,
      391.0557992579834,
      521.8900960661467,
      390.599400548188,
      513.0663876767594,
      389.8387360318611,
      506.2204070298212,
      387.5567424828823
    ]
  ],
  "is_crowd": 0,
  "caption": "Noise can be detected on the top-right side of the area. Turbulent mixing effect can be detected on the top-left and central side of the region. A dyke-type deformation pattern of low intensity can be detected on the bottom-left side of the region. "
}