{
  "uniqueID": 10426,
  "frameID": "155D_02579_100800",
  "primary_date": "20200716",
  "secondary_date": "20200815",
  "corrupted": 0,
  "processing_error": 0,
  "glacier_fringes": 0,
  "orbital_fringes": 0,
  "atmospheric_fringes": 3,
  "low_coherence": 1,
  "no_info": 0,
  "image_artifacts": 0,
  "label": [
    "Deformation"
  ],
  "activity_type": [
    "Dyke"
  ],
  "intensity_level": [
    "Low"
  ],
  "phase": "Unrest",
  "confidence": 0.8,
  "segmentation_mask": [
    [
      513.53515625,
      386.009765625,
      503.0129383193107,
      384.74228377247346,
      498.82928347951383,
      379.6711869969622,
      508.591144772372,
      376.88208377043156,
      515.6906802580852,
      376.62852893165655,
      519.8743350978821,
      376.62852893165655,
      526.2132060672702,
      377.0088611898209,
      532.2985221978815,
      375.8678644153297,
      535.594735101964,
      377.3891934479834,
      536.6089544570659,
      380.17829667451406,
      539.9051673611466,
      382.5870676428822,
      540.1587221999234,
      386.6439450632897,
      537.6231738121678,
      389.30627087043285,
      531.6646351009422,
      389.9401579673704,
      527.1006480029846,
      389.9401579673704,
      521.2688867111465,
      389.9401579673704,
      514.8032383223708,
      387.7849418377791
    ]
  ],
  "is_crowd": 0,
  "caption": "Noise can be detected on the top-right side of the area. Turbulent mixing effect can be detected on the top-left side of the region. Vertical stratification effect is also detected on the central side. A dyke-type deformation pattern of low intensity can be detected on the bottom-left side of the region.  "
}