{
  "uniqueID": 10421,
  "frameID": "155D_02579_100800",
  "primary_date": "20200710",
  "secondary_date": "20200821",
  "corrupted": 0,
  "processing_error": 0,
  "glacier_fringes": 0,
  "orbital_fringes": 0,
  "atmospheric_fringes": 3,
  "low_coherence": 1,
  "no_info": 0,
  "image_artifacts": 0,
  "label": [
    "Deformation"
  ],
  "activity_type": [
    "Dyke"
  ],
  "intensity_level": [
    "Low"
  ],
  "phase": "Unrest",
  "confidence": 0.8,
  "segmentation_mask": [
    [
      508.5927734375,
      383.55859375,
      500.5640211681366,
      383.24208430971703,
      502.57133030844307,
      378.48793108267637,
      515.2490722472176,
      372.571651511249,
      524.3347873033399,
      370.45869452145234,
      533.6317980584427,
      369.6135117255344,
      544.0909351579321,
      371.3038773173703,
      542.9288088135436,
      376.05803054441094,
      548.2112012880334,
      381.44607086839096,
      549.2676797829317,
      387.04540689134956,
      543.7739916094633,
      390.5317859245133,
      522.1161824640549,
      392.222151516351,
      509.96667977272773,
      390.8487294729821,
      507.21983568599353,
      388.63012463369705,
      505.74076579313623,
      384.9324499015547
    ]
  ],
  "is_crowd": 0,
  "caption": "Noise can be detected on the top-right side of the area. Turbulent mixing effect can be detected on the top-left side of the region. Vertical stratification effect is also detected on the central side. A dyke-type deformation pattern of low intensity can be detected on the bottom-left side of the region. "
}