{
  "uniqueID": 10471,
  "frameID": "155D_02579_100800",
  "primary_date": "20201008",
  "secondary_date": "20201101",
  "corrupted": 0,
  "processing_error": 0,
  "glacier_fringes": 0,
  "orbital_fringes": 0,
  "atmospheric_fringes": 1,
  "low_coherence": 1,
  "no_info": 0,
  "image_artifacts": 0,
  "label": [
    "Deformation"
  ],
  "activity_type": [
    "Mogi",
    "Sill"
  ],
  "intensity_level": [
    "Low",
    "Low"
  ],
  "phase": "Unrest",
  "confidence": 0.8,
  "segmentation_mask": [
    [
      588.7197265625,
      381.5947265625,
      590.2524134575524,
      385.647931681895,
      587.7189255702851,
      390.0815354846127,
      576.1915556832228,
      390.84158185079104,
      570.8712311199633,
      387.6747219917088,
      570.9852380748889,
      384.6345365269881,
      574.2914397677723,
      381.08765348481575,
      577.8383228099465,
      379.5675607524554,
      583.1586473732059,
      379.5675607524554
    ],
    [
      584.2001953125,
      367.7001953125,
      581.0,
      372.10000000000036,
      577.0,
      376.40000000000146,
      573.8000000000011,
      377.40000000000146,
      568.6000000000004,
      377.3000000000011,
      566.8000000000011,
      374.90000000000146,
      567.1000000000004,
      370.90000000000146,
      570.4000000000015,
      366.90000000000146,
      574.4000000000015,
      362.8000000000011,
      579.3000000000011,
      361.0,
      584.1000000000004,
      362.40000000000146,
      587.0,
      363.60000000000036,
      585.8000000000011,
      366.0
    ]
  ],
  "is_crowd": 1,
  "caption": "Noise can be detected on the top-right side of the area. Vertical stratification effect can be detected on the central and central-left side of the region. Two deformation patterns can be detected on the bottom-left side of the region. A sill-type of low intensity in the upper and a mogi-type of low intensity in the bottom side."
}