{
  "uniqueID": 10481,
  "frameID": "155D_02579_100800",
  "primary_date": "20201020",
  "secondary_date": "20201107",
  "corrupted": 0,
  "processing_error": 0,
  "glacier_fringes": 0,
  "orbital_fringes": 0,
  "atmospheric_fringes": 2,
  "low_coherence": 1,
  "no_info": 0,
  "image_artifacts": 0,
  "label": [
    "Deformation"
  ],
  "activity_type": [
    "Mogi",
    "Sill"
  ],
  "intensity_level": [
    "Medium",
    "Low"
  ],
  "phase": "Unrest",
  "confidence": 0.8,
  "segmentation_mask": [
    [
      585.7392578125,
      380.2470703125,
      588.9496613286719,
      381.53115025188345,
      590.019766632684,
      385.2765188159283,
      588.9496613286719,
      386.9886873023479,
      584.3482085214164,
      389.44992950157757,
      575.3593239677102,
      389.23590844077444,
      572.0419975252698,
      386.6676557111441,
      571.9349869948692,
      382.38723449509416,
      575.5733450285115,
      379.81898176546383,
      581.6729452613854,
      379.17691858305625
    ],
    [
      577.23046875,
      362.9296875,
      573.3300000000017,
      365.83000000000175,
      571.1300000000028,
      370.4300000000021,
      570.0300000000025,
      375.13000000000284,
      572.0300000000025,
      377.2300000000032,
      575.1300000000028,
      377.7300000000032,
      579.7000000000007,
      374.0,
      583.2000000000007,
      368.90000000000146,
      584.2000000000007,
      365.5,
      584.0300000000025,
      362.4300000000021,
      581.2300000000032,
      361.63000000000284
    ]
  ],
  "is_crowd": 1,
  "caption": "Noise can be detected on the top-right side of the area. Turbulent mixing effect can be detected on the top-left side of the region. Two deformation patterns can be detected on the bottom-left side of the region. A sill-type of low intensity in the upper and a mogi-type of low intensity in the bottom side."
}