{
  "uniqueID": 10585,
  "frameID": "155D_02579_100800",
  "primary_date": "20210313",
  "secondary_date": "20210331",
  "corrupted": 0,
  "processing_error": 0,
  "glacier_fringes": 0,
  "orbital_fringes": 1,
  "atmospheric_fringes": 0,
  "low_coherence": 0,
  "no_info": 0,
  "image_artifacts": 0,
  "label": [
    "Deformation"
  ],
  "activity_type": [
    "Dyke"
  ],
  "intensity_level": [
    "Low"
  ],
  "phase": "Unrest",
  "confidence": 0.8,
  "segmentation_mask": [
    [
      539.0361328125,
      378.2998046875,
      525.9380086493056,
      377.3748612510972,
      513.4563003833009,
      380.4567645266525,
      511.7612535817443,
      385.5419049313223,
      517.3086794777464,
      391.2434259911006,
      531.6395297090858,
      392.6302824651011,
      535.4919088035313,
      396.9449470508807,
      548.127712233314,
      398.0236131973252,
      558.606183370206,
      397.5613277059929,
      563.383133447318,
      395.5580905768802,
      563.691323774874,
      390.3188550084342,
      560.1471350079846,
      384.463238784876,
      550.593234853759,
      382.76819198332123,
      545.8162847766453,
      384.463238784876,
      544.8917137939789,
      379.53219354398607
    ]
  ],
  "is_crowd": 0,
  "caption": "A dyke-type deformation pattern of low intensity can be detected on the bottom-left side. Orbital fringes detected on the wider area. Difficulties in extracting information."
}