{
  "uniqueID": 10587,
  "frameID": "155D_02579_100800",
  "primary_date": "20210319",
  "secondary_date": "20210325",
  "corrupted": 0,
  "processing_error": 0,
  "glacier_fringes": 0,
  "orbital_fringes": 0,
  "atmospheric_fringes": 1,
  "low_coherence": 1,
  "no_info": 0,
  "image_artifacts": 0,
  "label": [
    "Deformation"
  ],
  "activity_type": [
    "Mogi"
  ],
  "intensity_level": [
    "Low"
  ],
  "phase": "Rebound",
  "confidence": 0.6,
  "segmentation_mask": [
    [
      539.62109375,
      376.10546875,
      542.7875178896138,
      377.8996812266723,
      544.1598238285496,
      382.1221610387838,
      542.7875178896138,
      386.2390788555931,
      538.8817240634107,
      388.35031876164794,
      532.7591283358488,
      388.45588075695014,
      528.5366485237373,
      387.8225087851333,
      525.6864746505635,
      385.5001448884723,
      525.264226669351,
      380.1164831280312,
      526.9532185941953,
      377.37187125015953,
      531.5979463875192,
      376.2106893018281,
      535.292616223116,
      375.8940033159197
    ]
  ],
  "is_crowd": 0,
  "caption": "Noise can be detected on the top-left side. Vertical stratification effect of low intensity can be detected in high altitude areas of the region. A mogi-type deformation pattern of low intensity can be detected on the bottom-left side. "
}