{
  "uniqueID": 10591,
  "frameID": "155D_02579_100800",
  "primary_date": "20210319",
  "secondary_date": "20210611",
  "corrupted": 0,
  "processing_error": 0,
  "glacier_fringes": 0,
  "orbital_fringes": 0,
  "atmospheric_fringes": 1,
  "low_coherence": 1,
  "no_info": 0,
  "image_artifacts": 0,
  "label": [
    "Deformation"
  ],
  "activity_type": [
    "Sill"
  ],
  "intensity_level": [
    "Low"
  ],
  "phase": "Rebound",
  "confidence": 0.8,
  "segmentation_mask": [
    [
      530.5498046875,
      379.41015625,
      529.9500000000025,
      382.8000000000029,
      530.8500000000022,
      387.6100000000024,
      534.8500000000022,
      389.21000000000276,
      540.8500000000022,
      389.21000000000276,
      545.6500000000033,
      388.4100000000017,
      546.8500000000022,
      382.21000000000276,
      546.1500000000033,
      379.6100000000024,
      542.7500000000018,
      378.8000000000029,
      537.6500000000033,
      378.21000000000276,
      534.0500000000029,
      378.1100000000024
    ]
  ],
  "is_crowd": 0,
  "caption": "Noise can be detected on the top-left and bottom-left side. Vertical stratification effect of low intensity can be detected in high altitude areas of the region. A mogi-type deformation pattern of low intensity can be detected on the bottom-left side. "
}