{
  "uniqueID": 10590,
  "frameID": "155D_02579_100800",
  "primary_date": "20210319",
  "secondary_date": "20210412",
  "corrupted": 0,
  "processing_error": 0,
  "glacier_fringes": 0,
  "orbital_fringes": 0,
  "atmospheric_fringes": 2,
  "low_coherence": 1,
  "no_info": 0,
  "image_artifacts": 0,
  "label": [
    "Deformation"
  ],
  "activity_type": [
    "Mogi"
  ],
  "intensity_level": [
    "Low"
  ],
  "phase": "Rebound",
  "confidence": 0.8,
  "segmentation_mask": [
    [
      532.669921875,
      379.849609375,
      531.6700000000019,
      382.1500000000033,
      531.7800000000025,
      384.6500000000033,
      534.0800000000017,
      386.2500000000018,
      536.970000000003,
      387.0500000000029,
      540.7800000000025,
      387.2500000000018,
      544.2800000000025,
      384.8500000000022,
      544.7800000000025,
      380.8500000000022,
      542.470000000003,
      379.0500000000029,
      539.6700000000019,
      378.6500000000033,
      536.470000000003,
      378.6500000000033
    ]
  ],
  "is_crowd": 0,
  "caption": "Noise can be detected on the top-left side. Turbulent mixing effect can be detected on the central side of the region. A mogi-type deformation pattern of low intensity can be detected on the bottom-left side. "
}