{
  "uniqueID": 10601,
  "frameID": "155D_02579_100800",
  "primary_date": "20210331",
  "secondary_date": "20210605",
  "corrupted": 0,
  "processing_error": 0,
  "glacier_fringes": 0,
  "orbital_fringes": 0,
  "atmospheric_fringes": 0,
  "low_coherence": 1,
  "no_info": 0,
  "image_artifacts": 0,
  "label": [
    "Deformation"
  ],
  "activity_type": [
    "Mogi"
  ],
  "intensity_level": [
    "Low"
  ],
  "phase": "Rebound",
  "confidence": 0.6,
  "segmentation_mask": [
    [
      535.9365234375,
      375.2626953125,
      546.2735972224928,
      379.3674152093645,
      551.7459310589893,
      382.10358212761275,
      556.7622370757781,
      384.07970267968085,
      555.394153616653,
      387.27189741763686,
      549.4657919604488,
      389.5520365161756,
      542.9293932113014,
      389.24801796970496,
      536.5450037353894,
      388.0319437838152,
      530.7686513524204,
      384.6877397726239,
      528.7925308003523,
      381.9515728543756,
      529.7045864397696,
      379.21540593612735,
      533.5048182706687,
      376.7832575643515
    ]
  ],
  "is_crowd": 0,
  "caption": "Noise can be detected on the wider left and central side. A mogi-type deformation pattern of low intensity can be detected on the bottom-left side. "
}