{
  "uniqueID": 10744,
  "frameID": "076D_09725_121107",
  "primary_date": "20141115",
  "secondary_date": "20141209",
  "corrupted": 1,
  "processing_error": 0,
  "glacier_fringes": 0,
  "orbital_fringes": 0,
  "atmospheric_fringes": 0,
  "low_coherence": 0,
  "no_info": 0,
  "image_artifacts": 0,
  "label": [
    "Non_Deformation"
  ],
  "activity_type": [],
  "intensity_level": [],
  "phase": "Rest",
  "confidence": 0.8,
  "segmentation_mask": [],
  "is_crowd": 0,
  "caption": "The image is corrupted."
}