{
  "uniqueID": 10776,
  "frameID": "076D_09725_121107",
  "primary_date": "20160719",
  "secondary_date": "20160929",
  "corrupted": 0,
  "processing_error": 0,
  "glacier_fringes": 0,
  "orbital_fringes": 0,
  "atmospheric_fringes": 2,
  "low_coherence": 0,
  "no_info": 0,
  "image_artifacts": 0,
  "label": [
    "Deformation"
  ],
  "activity_type": [
    "Mogi"
  ],
  "intensity_level": [
    "Low"
  ],
  "phase": "Rebound",
  "confidence": 0.5,
  "segmentation_mask": [
    [
      449.388671875,
      499.017578125,
      443.33404221754245,
      498.43547157436296,
      441.3544895990599,
      495.5243647824773,
      440.8887125123583,
      488.3048199385994,
      442.286043772463,
      487.1403772218455,
      448.80692298628855,
      485.74304596173897,
      455.0949136567615,
      487.0239329501692,
      455.67713501513936,
      492.1474809038882,
      455.4442464717886,
      496.6888074992312,
      453.9304709400076,
      499.1341372044153
    ]
  ],
  "is_crowd": 0,
  "caption": "Noise can be detected on the wider area. Turbulent mixing effect can be detected on the wider area of the region. A mogi-type deformation pattern of low intensity can be detected on the central side."
}