{
  "uniqueID": 1134,
  "frameID": "128D_09016_110500",
  "primary_date": "20200122",
  "secondary_date": "20200128",
  "corrupted": 0,
  "processing_error": 0,
  "glacier_fringes": 0,
  "orbital_fringes": 0,
  "atmospheric_fringes": 0,
  "low_coherence": 0,
  "no_info": 0,
  "image_artifacts": 0,
  "label": [
    "Deformation"
  ],
  "activity_type": [
    "Mogi"
  ],
  "intensity_level": [
    "High"
  ],
  "phase": "Unrest",
  "confidence": 0.8,
  "segmentation_mask": [
    [
      134.388671875,
      395.58984375,
      141.72011193303842,
      390.87618716477664,
      152.36855345839285,
      389.8287994737584,
      156.73266883763426,
      394.71660869851075,
      158.3037503741616,
      407.28526099073133,
      150.7974719218655,
      415.8389271340475,
      147.8298734639793,
      418.98109020710217,
      141.54554731786993,
      419.8539132829501,
      135.26122117176055,
      419.1556548222725,
      132.46818732904467,
      413.0458932913316,
      132.11905809870404,
      395.5894317743605
    ]
  ],
  "is_crowd": 0,
  "caption": "A mogi-type deformation pattern of high intensity can be detected on the central-left side of the image. The atmospheric impact is low. "
}