{
  "uniqueID": 1143,
  "frameID": "128D_09016_110500",
  "primary_date": "20200203",
  "secondary_date": "20200215",
  "corrupted": 0,
  "processing_error": 0,
  "glacier_fringes": 0,
  "orbital_fringes": 0,
  "atmospheric_fringes": 2,
  "low_coherence": 0,
  "no_info": 0,
  "image_artifacts": 0,
  "label": [
    "Deformation"
  ],
  "activity_type": [
    "Mogi"
  ],
  "intensity_level": [
    "Low"
  ],
  "phase": "Unrest",
  "confidence": 0.8,
  "segmentation_mask": [
    [
      136.349609375,
      395.2197265625,
      133.45000000000255,
      400.720000000003,
      132.75000000000182,
      408.1200000000026,
      138.15000000000146,
      411.8200000000015,
      147.45000000000255,
      411.720000000003,
      152.25000000000182,
      406.9200000000019,
      154.85000000000218,
      400.02000000000226,
      156.65000000000146,
      392.6200000000026,
      153.5500000000029,
      391.1200000000026,
      149.5500000000029,
      391.9200000000019,
      146.25000000000182,
      388.1200000000026,
      143.25000000000182,
      385.9200000000019,
      139.95000000000255,
      386.52000000000226,
      139.35000000000218,
      394.3200000000015
    ]
  ],
  "is_crowd": 0,
  "caption": "Turbulent mixing effect can be detected on the bottom-left side of the region. A mogi-type deformation pattern of low intensity can be detected on the central-left side of the image. "
}