{
  "uniqueID": 1146,
  "frameID": "128D_09016_110500",
  "primary_date": "20200209",
  "secondary_date": "20200215",
  "corrupted": 0,
  "processing_error": 0,
  "glacier_fringes": 0,
  "orbital_fringes": 0,
  "atmospheric_fringes": 2,
  "low_coherence": 0,
  "no_info": 0,
  "image_artifacts": 0,
  "label": [
    "Deformation"
  ],
  "activity_type": [
    "Mogi"
  ],
  "intensity_level": [
    "Low"
  ],
  "phase": "Unrest",
  "confidence": 0.8,
  "segmentation_mask": [
    [
      134.0341796875,
      396.6328125,
      131.00329926674203,
      402.20882500124935,
      133.0641315291614,
      408.997448924516,
      136.57966891799697,
      409.9672523421268,
      143.73196912286585,
      410.08847776932816,
      146.76260480289602,
      407.42151837090205,
      147.85363364770637,
      401.117796156439,
      147.12628108450008,
      396.9961316315985,
      142.76216570525685,
      395.4202010779827,
      137.67069776280732,
      395.29897565078136
    ]
  ],
  "is_crowd": 0,
  "caption": "Turbulent mixing effect can be detected on the wider area of the region. A mogi-type deformation pattern of low intensity can be detected on the central-left side of the image."
}