{
  "uniqueID": 1147,
  "frameID": "128D_09016_110500",
  "primary_date": "20200209",
  "secondary_date": "20200221",
  "corrupted": 0,
  "processing_error": 0,
  "glacier_fringes": 0,
  "orbital_fringes": 0,
  "atmospheric_fringes": 2,
  "low_coherence": 0,
  "no_info": 0,
  "image_artifacts": 0,
  "label": [
    "Deformation"
  ],
  "activity_type": [
    "Mogi"
  ],
  "intensity_level": [
    "Low"
  ],
  "phase": "Unrest",
  "confidence": 0.8,
  "segmentation_mask": [
    [
      131.7666015625,
      399.708984375,
      132.20343099603815,
      407.4190938623633,
      136.42207586263976,
      410.9103861657568,
      143.98654251999506,
      410.3285041151903,
      147.91424636131342,
      406.2553297612303,
      147.1868937981053,
      398.10898105331034,
      139.18601560282696,
      395.781452851048
    ]
  ],
  "is_crowd": 0,
  "caption": "Turbulent mixing effect can be detected on the top, central and bottom-left side of the region. A wave-like pattern caused by atmospheric delays can aslo be detected on the bottom-left side. A mogi-type deformation pattern of low intensity can be detected on the central-left side of the image."
}