{
  "uniqueID": 1150,
  "frameID": "128D_09016_110500",
  "primary_date": "20200215",
  "secondary_date": "20200221",
  "corrupted": 0,
  "processing_error": 0,
  "glacier_fringes": 0,
  "orbital_fringes": 0,
  "atmospheric_fringes": 2,
  "low_coherence": 0,
  "no_info": 0,
  "image_artifacts": 0,
  "label": [
    "Deformation"
  ],
  "activity_type": [
    "Mogi"
  ],
  "intensity_level": [
    "Low"
  ],
  "phase": "Unrest",
  "confidence": 0.8,
  "segmentation_mask": [
    [
      134.3447265625,
      399.6875,
      133.13282593790973,
      402.71797179549685,
      134.24405902058788,
      407.0618829368723,
      136.76958875394666,
      410.9006881315763,
      142.3257541673338,
      410.79966694224277,
      145.86149579403536,
      407.36494650487475,
      146.06353817270428,
      402.51592941682793,
      144.14413557535227,
      398.5761030327885,
      139.49716086597255,
      397.9699758967836
    ]
  ],
  "is_crowd": 0,
  "caption": "Turbulent mixing effect can be detected on the bottom left side of the region. A mogi-type deformation pattern of low intensity can be detected on the central-left side of the image."
}