{
  "uniqueID": 12309,
  "frameID": "081A_12881_141414",
  "primary_date": "20200424",
  "secondary_date": "20200530",
  "corrupted": 0,
  "processing_error": 0,
  "glacier_fringes": 0,
  "orbital_fringes": 0,
  "atmospheric_fringes": 1,
  "low_coherence": 0,
  "no_info": 0,
  "image_artifacts": 1,
  "label": [
    "Non_Deformation"
  ],
  "activity_type": [],
  "intensity_level": [],
  "phase": "Rest",
  "confidence": 0.8,
  "segmentation_mask": [],
  "is_crowd": 0,
  "caption": "Vertical stratification caused by atmospheric delays can be detected in high altitude  areas. No deformation activity can be detected. Image artifacts are detected on image."
}