{
  "uniqueID": 12348,
  "frameID": "081A_12881_141414",
  "primary_date": "20210314",
  "secondary_date": "20210501",
  "corrupted": 0,
  "processing_error": 0,
  "glacier_fringes": 0,
  "orbital_fringes": 0,
  "atmospheric_fringes": 3,
  "low_coherence": 0,
  "no_info": 0,
  "image_artifacts": 0,
  "label": [
    "Deformation"
  ],
  "activity_type": [
    "Sill"
  ],
  "intensity_level": [
    "Low"
  ],
  "phase": "Rebound",
  "confidence": 0.5,
  "segmentation_mask": [
    [
      506.5029296875,
      620.9921875,
      501.55161899212544,
      614.5964434364414,
      498.04411394457384,
      609.6446716046048,
      497.83779011824845,
      604.6928997727682,
      503.82118108171744,
      602.4233376831762,
      511.86781030845304,
      600.9790708988894,
      518.8828204035563,
      601.5980423778692,
      520.7397348404957,
      605.9308427307278,
      520.7397348404957,
      613.3585004784836,
      521.1523824931483,
      619.9608629209324,
      514.3436962243723,
      622.8493964895042
    ]
  ],
  "is_crowd": 0,
  "caption": "Turbulent mixing effect can be detected on the bottom side of the region. Vertical stratification effect can also be detected on the wider right side of the region. A sill-type deformation pattern of low intensity can be detected on the central-left side of the region."
}