{
  "uniqueID": 12352,
  "frameID": "081A_12881_141414",
  "primary_date": "20210326",
  "secondary_date": "20210513",
  "corrupted": 0,
  "processing_error": 0,
  "glacier_fringes": 0,
  "orbital_fringes": 0,
  "atmospheric_fringes": 3,
  "low_coherence": 1,
  "no_info": 0,
  "image_artifacts": 0,
  "label": [
    "Deformation"
  ],
  "activity_type": [
    "Sill"
  ],
  "intensity_level": [
    "Low"
  ],
  "phase": "Rebound",
  "confidence": 0.5,
  "segmentation_mask": [
    [
      522.5595703125,
      609.24609375,
      519.387815183105,
      613.7098372258661,
      516.8036501956321,
      617.2336985724196,
      512.927402714422,
      620.0527876496635,
      507.289224559936,
      617.70354675196,
      503.060590944071,
      614.4146094951757,
      499.3018055077464,
      609.24627952023,
      500.4764259565982,
      606.0748043083313,
      504.47013548269206,
      603.3731772759747,
      510.2257756820636,
      600.7890122885019,
      512.927402714422,
      600.3191641089597,
      516.8036501956321,
      600.6715502436164,
      519.9751254075309,
      602.5509429617778,
      521.3846699461519,
      603.8430254555151,
      521.619594035923,
      606.0748043083313
    ]
  ],
  "is_crowd": 0,
  "caption": "Noise can be detected on the wider area. Turbulent mixing effect can be detected on the top-right side of the region. Vertical stratification effect can also be detected on the bottom-right side of the region. A sill-type deformation pattern of low intensity can be detected on the central-left side of the region."
}