{
  "uniqueID": 12350,
  "frameID": "081A_12881_141414",
  "primary_date": "20210326",
  "secondary_date": "20210419",
  "corrupted": 0,
  "processing_error": 0,
  "glacier_fringes": 0,
  "orbital_fringes": 0,
  "atmospheric_fringes": 1,
  "low_coherence": 0,
  "no_info": 0,
  "image_artifacts": 0,
  "label": [
    "Deformation"
  ],
  "activity_type": [
    "Sill"
  ],
  "intensity_level": [
    "Low"
  ],
  "phase": "Rebound",
  "confidence": 0.5,
  "segmentation_mask": [
    [
      505.25,
      616.490234375,
      501.5500000000029,
      610.9900000000016,
      500.15000000000146,
      607.090000000002,
      502.15000000000146,
      603.4900000000016,
      506.7500000000018,
      601.4900000000016,
      515.0500000000029,
      600.9900000000016,
      519.4500000000025,
      602.390000000003,
      520.0500000000029,
      605.590000000002,
      519.2500000000018,
      608.590000000002,
      517.6500000000033,
      610.090000000002,
      516.7500000000018,
      613.390000000003,
      513.9500000000025,
      617.090000000002,
      509.0500000000029,
      617.390000000003
    ]
  ],
  "is_crowd": 0,
  "caption": "Vertical stratification effect can be detected on the wider right side of the region. A sill-type deformation pattern of low intensity can be detected on the central-left side of the region."
}