{
  "uniqueID": 12351,
  "frameID": "081A_12881_141414",
  "primary_date": "20210326",
  "secondary_date": "20210501",
  "corrupted": 0,
  "processing_error": 0,
  "glacier_fringes": 0,
  "orbital_fringes": 0,
  "atmospheric_fringes": 1,
  "low_coherence": 0,
  "no_info": 0,
  "image_artifacts": 0,
  "label": [
    "Deformation"
  ],
  "activity_type": [
    "Sill"
  ],
  "intensity_level": [
    "Low"
  ],
  "phase": "Rebound",
  "confidence": 0.5,
  "segmentation_mask": [
    [
      506.125,
      620.9267578125,
      499.24766959814406,
      615.4251774721852,
      497.3563678568171,
      607.0002878971845,
      498.9037965542666,
      602.5299383267757,
      505.0935113440628,
      600.9825096293262,
      514.378083528758,
      599.7789539757559,
      520.3958617966146,
      600.2947635415712,
      521.9432904940641,
      603.2176844145306,
      522.4591000598812,
      608.3757800726944,
      521.4274809282488,
      613.0180661650429,
      519.0203696211047,
      614.9093679063681,
      517.8168139675327,
      619.3797174767769,
      516.0974487481453,
      621.9587653058588,
      513.3464643971256,
      622.6465113936138
    ]
  ],
  "is_crowd": 0,
  "caption": "Vertical stratification effect can be detected on the top and wider right side of the region. A sill-type deformation pattern of low intensity can be detected on the central-left side of the region."
}