{
  "uniqueID": 1256,
  "frameID": "128D_09016_110500",
  "primary_date": "20201006",
  "secondary_date": "20201030",
  "corrupted": 0,
  "processing_error": 0,
  "glacier_fringes": 0,
  "orbital_fringes": 0,
  "atmospheric_fringes": 1,
  "low_coherence": 0,
  "no_info": 0,
  "image_artifacts": 0,
  "label": [
    "Deformation"
  ],
  "activity_type": [
    "Sill"
  ],
  "intensity_level": [
    "Low"
  ],
  "phase": "Unrest",
  "confidence": 0.8,
  "segmentation_mask": [
    [
      254.5,
      533.5,
      253.40000000000146,
      534.9000000000015,
      252.20000000000073,
      536.9000000000015,
      251.8000000000011,
      541.5,
      252.3000000000011,
      544.2000000000007,
      254.0,
      545.9000000000015,
      255.40000000000146,
      546.6000000000004,
      257.90000000000146,
      546.9000000000015,
      263.2000000000007,
      547.0,
      267.0,
      546.6000000000004,
      270.60000000000036,
      545.1000000000004,
      273.2000000000007,
      542.1000000000004,
      274.3000000000011,
      538.9000000000015,
      274.60000000000036,
      534.8000000000011,
      273.90000000000146,
      531.3000000000011,
      271.5,
      529.6000000000004,
      268.90000000000146,
      528.8000000000011,
      265.5,
      528.7000000000007,
      262.2000000000007,
      529.4000000000015,
      259.3000000000011,
      530.6000000000004
    ]
  ],
  "is_crowd": 0,
  "caption": "Vertical stratification effect of low intensity can be detected on the high altitude areas of the region. A sill-type deformation pattern of low intensity can be detected at the bottom of the image."
}