{
  "uniqueID": 128,
  "frameID": "012D_07075_080504",
  "primary_date": "20200302",
  "secondary_date": "20200910",
  "corrupted": 0,
  "processing_error": 3,
  "glacier_fringes": 0,
  "orbital_fringes": 0,
  "atmospheric_fringes": 0,
  "low_coherence": 1,
  "no_info": 1,
  "image_artifacts": 0,
  "label": [
    "Non_Deformation"
  ],
  "activity_type": [],
  "intensity_level": [],
  "phase": "Rest",
  "confidence": 0.8,
  "segmentation_mask": [],
  "is_crowd": 0,
  "caption": "Noisy areas can be detected due to low coherence. No deformation activity can be detected. The image has a processing error related to swath merging. Missing information."
}