{
  "uniqueID": 12858,
  "frameID": "083D_12636_131313",
  "primary_date": "20141210",
  "secondary_date": "20150220",
  "corrupted": 0,
  "processing_error": 0,
  "glacier_fringes": 0,
  "orbital_fringes": 0,
  "atmospheric_fringes": 3,
  "low_coherence": 0,
  "no_info": 0,
  "image_artifacts": 0,
  "label": [
    "Deformation"
  ],
  "activity_type": [
    "Mogi"
  ],
  "intensity_level": [
    "Low"
  ],
  "phase": "Unrest",
  "confidence": 0.7,
  "segmentation_mask": [
    [
      563.0185546875,
      328.9755859375,
      557.6827665444907,
      335.7159536440031,
      557.1211096292573,
      349.7573765248526,
      560.2102226630432,
      362.9563140328519,
      568.6350763915543,
      367.16874089710836,
      580.7107000690867,
      365.2029416937894,
      591.6630099161503,
      359.867200999066,
      597.2795790684904,
      350.5998618977046,
      597.2795790684904,
      343.0174935420455,
      596.7179221532551,
      333.7501544406823,
      593.3479806618507,
      327.8527568307254,
      580.1490431538514,
      327.5719283731087,
      570.6008755948733,
      327.29109991549194
    ]
  ],
  "is_crowd": 0,
  "caption": "Vertical stratification can be detected on the wider left side of the region. Turbulent mixing effect can also be detected on the wider left and right side. A mogi-type deformation pattern of low intensity can be detected on the upper-central side of the region."
}