{
  "uniqueID": 12855,
  "frameID": "083D_12636_131313",
  "primary_date": "20141116",
  "secondary_date": "20150220",
  "corrupted": 0,
  "processing_error": 0,
  "glacier_fringes": 0,
  "orbital_fringes": 0,
  "atmospheric_fringes": 1,
  "low_coherence": 0,
  "no_info": 0,
  "image_artifacts": 0,
  "label": [
    "Deformation"
  ],
  "activity_type": [
    "Mogi"
  ],
  "intensity_level": [
    "Low"
  ],
  "phase": "Unrest",
  "confidence": 0.7,
  "segmentation_mask": [
    [
      567.287109375,
      364.8095703125,
      556.8964468631639,
      357.227413497465,
      554.9306476598431,
      344.30930444708247,
      557.7389322360141,
      332.23368076955194,
      568.4104136254609,
      325.77462624435975,
      581.890179591077,
      326.6171116172118,
      595.6507740143115,
      332.23368076955194,
      597.6165732176305,
      343.46681907423226,
      593.6849748109926,
      360.5973549888695,
      581.0476942182268,
      366.77558105644493
    ]
  ],
  "is_crowd": 0,
  "caption": "Vertical stratification can be detected on the wider left side of the region. A mogi-type deformation pattern of low intensity can be detected on the upper-central side of the region."
}