{
  "uniqueID": 12859,
  "frameID": "083D_12636_131313",
  "primary_date": "20141210",
  "secondary_date": "20150304",
  "corrupted": 0,
  "processing_error": 0,
  "glacier_fringes": 0,
  "orbital_fringes": 0,
  "atmospheric_fringes": 1,
  "low_coherence": 0,
  "no_info": 0,
  "image_artifacts": 0,
  "label": [
    "Deformation"
  ],
  "activity_type": [
    "Mogi"
  ],
  "intensity_level": [
    "Low"
  ],
  "phase": "Unrest",
  "confidence": 0.7,
  "segmentation_mask": [
    [
      562.5693359375,
      363.8271484375,
      560.0417255884731,
      356.5253423534232,
      558.3567548427709,
      341.64143409972166,
      563.9733239951111,
      333.49740882882725,
      572.9598346388557,
      330.1274673374228,
      587.8437428925572,
      330.40829579504134,
      595.4261112482181,
      334.90155111691274,
      595.1452827905996,
      355.1212000653377,
      588.967056723026,
      362.14191150576335,
      574.9256338421746,
      364.6693676243158,
      569.5898931474512,
      365.2310245395511
    ]
  ],
  "is_crowd": 0,
  "caption": "Vertical stratification can be detected on the wider area of the region. A mogi-type deformation pattern of low intensity can be detected on the upper-central side of the region."
}