{
  "uniqueID": 12874,
  "frameID": "083D_12636_131313",
  "primary_date": "20150304",
  "secondary_date": "20150702",
  "corrupted": 0,
  "processing_error": 0,
  "glacier_fringes": 0,
  "orbital_fringes": 0,
  "atmospheric_fringes": 2,
  "low_coherence": 1,
  "no_info": 0,
  "image_artifacts": 0,
  "label": [
    "Deformation"
  ],
  "activity_type": [
    "Mogi"
  ],
  "intensity_level": [
    "Medium"
  ],
  "phase": "Unrest",
  "confidence": 0.7,
  "segmentation_mask": [
    [
      570.1513671875,
      365.380859375,
      563.8329097663045,
      361.4023965673732,
      559.6204829020498,
      349.23316340396923,
      562.194743763539,
      333.5535745203524,
      570.3855737773683,
      328.4050527973741,
      589.341494666518,
      326.0648156505649,
      596.1281823922618,
      333.78759823503424,
      595.42611124822,
      352.74351912418206,
      591.4477080986453,
      362.3384914260969,
      579.2784749352413,
      365.14677600226787
    ]
  ],
  "is_crowd": 0,
  "caption": "Noise can be detected on the wider left side of the image. Turbulent mixing effect can also be detected on the bottom-right side. A mogi-type deformation pattern of low intensity can be detected on the upper-central side of the region."
}