{
  "uniqueID": 12870,
  "frameID": "083D_12636_131313",
  "primary_date": "20150220",
  "secondary_date": "20150608",
  "corrupted": 0,
  "processing_error": 0,
  "glacier_fringes": 0,
  "orbital_fringes": 0,
  "atmospheric_fringes": 3,
  "low_coherence": 1,
  "no_info": 0,
  "image_artifacts": 0,
  "label": [
    "Deformation"
  ],
  "activity_type": [
    "Mogi"
  ],
  "intensity_level": [
    "Medium"
  ],
  "phase": "Unrest",
  "confidence": 0.7,
  "segmentation_mask": [
    [
      574.7568359375,
      324.2578125,
      559.3115715986696,
      331.8405209288867,
      557.6266008529674,
      347.84774301305697,
      559.8732285139031,
      362.45082280914175,
      574.1954798523711,
      368.34822041909865,
      586.2711035299035,
      367.7865635038652,
      594.9767857160296,
      362.45082280914175,
      600.8741833259883,
      354.5876259958659,
      604.5249532750095,
      345.881943809738,
      601.7166686988385,
      332.6830063017387,
      595.2576141736481,
      325.1006379460796,
      582.058676665647,
      323.41566720037736
    ]
  ],
  "is_crowd": 0,
  "caption": "Noise can be detected on the wider left side of the image. Vertical stratification can be detected on the central and top side of the region. Turbulent mixing effect can also be detected on the bottom-right side. A mogi-type deformation pattern of low intensity can be detected on the upper-central side of the region."
}