{
  "uniqueID": 12877,
  "frameID": "083D_12636_131313",
  "primary_date": "20150328",
  "secondary_date": "20150608",
  "corrupted": 0,
  "processing_error": 0,
  "glacier_fringes": 0,
  "orbital_fringes": 0,
  "atmospheric_fringes": 1,
  "low_coherence": 0,
  "no_info": 0,
  "image_artifacts": 0,
  "label": [
    "Deformation"
  ],
  "activity_type": [
    "Mogi"
  ],
  "intensity_level": [
    "Low"
  ],
  "phase": "Unrest",
  "confidence": 0.7,
  "segmentation_mask": [
    [
      566.2900390625,
      360.9541015625,
      559.2694473300271,
      351.20286300253247,
      559.6594868544962,
      332.87100535253376,
      564.5349809103463,
      328.19053105891544,
      580.3315816513041,
      325.0702148631717,
      595.3481033433254,
      325.8502939121081,
      599.6385381124728,
      334.23614368817107,
      598.2733997768355,
      348.08254680678874,
      591.2526883364098,
      360.95385111423457,
      575.8461271199212,
      363.2940882610437
    ]
  ],
  "is_crowd": 0,
  "caption": "Noise can be detected on the wider left side of the image. Vertical stratification can be detected on the central, top-right and top side of the region. Turbulent mixing effect can also be detected on the bottom-right side. A mogi-type deformation pattern of low intensity can be detected on the upper-central side of the region. "
}