{
  "uniqueID": 12873,
  "frameID": "083D_12636_131313",
  "primary_date": "20150304",
  "secondary_date": "20150608",
  "corrupted": 0,
  "processing_error": 0,
  "glacier_fringes": 0,
  "orbital_fringes": 0,
  "atmospheric_fringes": 3,
  "low_coherence": 1,
  "no_info": 0,
  "image_artifacts": 0,
  "label": [
    "Deformation"
  ],
  "activity_type": [
    "Mogi"
  ],
  "intensity_level": [
    "Low"
  ],
  "phase": "Unrest",
  "confidence": 0.7,
  "segmentation_mask": [
    [
      570.4052734375,
      362.845703125,
      563.3843643131659,
      356.9949499408831,
      561.0441271663567,
      346.65890254248006,
      562.4092655019958,
      335.93281561960794,
      565.9196212222087,
      329.497163465885,
      575.4755895716771,
      326.9619065568422,
      590.4921112636966,
      327.15692631907586,
      597.5128227041223,
      330.6672820392887,
      600.2430993753987,
      345.0987444446073,
      596.5377238929523,
      356.79993017864945,
      586.0066567323138,
      363.62562185684146,
      580.1560638652936,
      364.01566138130875
    ]
  ],
  "is_crowd": 0,
  "caption": "Noise can be detected on the wider left side of the image. Vertical stratification can be detected on the central, top-right and top side of the region. Turbulent mixing effect can also be detected on the bottom-right side. A mogi-type deformation pattern of low intensity can be detected on the upper-central side of the region."
}