{
  "uniqueID": 12871,
  "frameID": "083D_12636_131313",
  "primary_date": "20150220",
  "secondary_date": "20150702",
  "corrupted": 0,
  "processing_error": 0,
  "glacier_fringes": 0,
  "orbital_fringes": 0,
  "atmospheric_fringes": 3,
  "low_coherence": 1,
  "no_info": 0,
  "image_artifacts": 0,
  "label": [
    "Deformation"
  ],
  "activity_type": [
    "Mogi"
  ],
  "intensity_level": [
    "Medium"
  ],
  "phase": "Unrest",
  "confidence": 0.7,
  "segmentation_mask": [
    [
      568.3828125,
      324.763671875,
      564.7315608306781,
      334.59263981353433,
      561.9232762545071,
      355.37394567719275,
      569.7864730677848,
      363.23714249047043,
      584.108724406251,
      363.51797094808717,
      596.1843480837833,
      360.9905148295329,
      598.7118042023358,
      352.5656611010236,
      599.2734611175711,
      340.2092089658745,
      598.7118042023358,
      327.8527568307254,
      586.917008982422,
      321.6745307631518,
      574.5605568472729,
      323.359501508854
    ]
  ],
  "is_crowd": 0,
  "caption": "Noise can be detected on the wider left side of the image. Vertical stratification effect can be detected on the central and top side of the region. Turbulent mixing effect can also be detected on the bottom and the wider right side. A mogi-type deformation pattern of low intensity can be detected on the upper-central side of the region. "
}