{
  "uniqueID": 12888,
  "frameID": "083D_12636_131313",
  "primary_date": "20150608",
  "secondary_date": "20151217",
  "corrupted": 0,
  "processing_error": 0,
  "glacier_fringes": 0,
  "orbital_fringes": 0,
  "atmospheric_fringes": 1,
  "low_coherence": 1,
  "no_info": 0,
  "image_artifacts": 1,
  "label": [
    "Deformation"
  ],
  "activity_type": [
    "Mogi"
  ],
  "intensity_level": [
    "Medium"
  ],
  "phase": "Unrest",
  "confidence": 0.6,
  "segmentation_mask": [
    [
      214.279296875,
      130.87109375,
      217.4824892790184,
      125.31909662802536,
      216.20125583160006,
      119.12646829883488,
      208.94093296289248,
      119.12646829883488,
      203.81599917321728,
      124.03786318060702,
      205.09723262063744,
      129.16279697028222,
      209.15447187079735,
      131.51172495721585
    ]
  ],
  "is_crowd": 0,
  "caption": "Noise can be detected on the wider left side of the image. An image artifact can be detected at the bottom of the image. Vertical stratification can be detected on the wider central side of the region. A mogi-type deformation pattern of medium intensity can be detected on the upper-central side of the region. "
}