{
  "uniqueID": 12887,
  "frameID": "083D_12636_131313",
  "primary_date": "20150608",
  "secondary_date": "20151030",
  "corrupted": 0,
  "processing_error": 0,
  "glacier_fringes": 0,
  "orbital_fringes": 0,
  "atmospheric_fringes": 3,
  "low_coherence": 1,
  "no_info": 0,
  "image_artifacts": 1,
  "label": [
    "Non_Deformation"
  ],
  "activity_type": [],
  "intensity_level": [],
  "phase": "Rest",
  "confidence": 0.8,
  "segmentation_mask": [],
  "is_crowd": 0,
  "caption": "Vertical stratification and turbulent mixing effects can be detected around the area. Also, noisy areas can be detected due to low coherence. No deformation activity can be detected. Image artifacts are detected on image."
}