{
  "uniqueID": 12896,
  "frameID": "083D_12636_131313",
  "primary_date": "20150702",
  "secondary_date": "20160110",
  "corrupted": 0,
  "processing_error": 0,
  "glacier_fringes": 0,
  "orbital_fringes": 0,
  "atmospheric_fringes": 3,
  "low_coherence": 1,
  "no_info": 0,
  "image_artifacts": 1,
  "label": [
    "Deformation"
  ],
  "activity_type": [
    "Mogi"
  ],
  "intensity_level": [
    "Medium"
  ],
  "phase": "Unrest",
  "confidence": 0.7,
  "segmentation_mask": [
    [
      208.7197265625,
      117.1298828125,
      205.4200000000019,
      118.23000000000138,
      204.52000000000226,
      124.13000000000284,
      205.22000000000298,
      129.4300000000021,
      210.32000000000153,
      130.4300000000021,
      217.12000000000262,
      130.73000000000138,
      219.62000000000262,
      129.03000000000247,
      220.32000000000153,
      124.23000000000138,
      219.9200000000019,
      118.93000000000211,
      214.72000000000298,
      116.73000000000138
    ]
  ],
  "is_crowd": 0,
  "caption": "Noise can be detected on the wider left side of the image. An image artifact can be detected at the bottom of the image. Vertical stratification can be detected on the wider area of the region. Turbulent mixing effect can also be detected on the top-right side. A mogi-type deformation pattern of medium intensity can be detected on the upper-central side of the region. "
}