{
  "uniqueID": 12925,
  "frameID": "083D_12636_131313",
  "primary_date": "20151217",
  "secondary_date": "20160322",
  "corrupted": 0,
  "processing_error": 0,
  "glacier_fringes": 0,
  "orbital_fringes": 0,
  "atmospheric_fringes": 3,
  "low_coherence": 1,
  "no_info": 0,
  "image_artifacts": 0,
  "label": [
    "Deformation"
  ],
  "activity_type": [
    "Mogi"
  ],
  "intensity_level": [
    "Low"
  ],
  "phase": "Unrest",
  "confidence": 0.7,
  "segmentation_mask": [
    [
      564.1333288245005,
      329.4875281345703,
      560.0760527318798,
      339.6307183661247,
      557.3712020034654,
      351.80254664398853,
      559.3998400497767,
      361.60763053448864,
      567.1762858939674,
      366.34111930921426,
      580.3624331949868,
      367.3554383323699,
      592.8723678139013,
      362.96005589869674,
      597.6058565886269,
      351.80254664398853,
      599.2963882938857,
      340.64503738928033,
      593.8866868370569,
      331.1780598398309,
      583.0672839233994,
      328.4732091114165,
      575.6289444202612,
      327.1207837472084
    ]
  ],
  "is_crowd": 0,
  "caption": "Noise can be detected on the wider left side of the image. Vertical stratification can be detected on the wider central area of the region. Turbulent mixing effect can also be detected on the wider right side. A mogi-type deformation pattern of low intensity can be detected on the upper-central side of the region."
}