{
  "uniqueID": 12941,
  "frameID": "083D_12636_131313",
  "primary_date": "20160322",
  "secondary_date": "20160720",
  "corrupted": 0,
  "processing_error": 0,
  "glacier_fringes": 0,
  "orbital_fringes": 0,
  "atmospheric_fringes": 2,
  "low_coherence": 1,
  "no_info": 0,
  "image_artifacts": 0,
  "label": [
    "Deformation"
  ],
  "activity_type": [
    "Sill"
  ],
  "intensity_level": [
    "Medium"
  ],
  "phase": "Unrest",
  "confidence": 0.7,
  "segmentation_mask": [
    [
      598.1943359375,
      529.986328125,
      587.6282758519083,
      524.5072656532375,
      582.3453642729728,
      514.9197594544312,
      583.7150080156607,
      502.5929657702527,
      588.4109294191567,
      496.52740062406883,
      597.020118658902,
      493.20112296325897,
      605.6293078986455,
      492.02714261238543,
      622.6520229863218,
      493.78811313869664,
      631.8482024015029,
      496.91872740769395,
      635.3701434541254,
      505.52791664743745,
      638.1094309394994,
      515.3110862380563,
      635.957133629563,
      524.5072656532375,
      621.2823792436357,
      530.3771674076088,
      606.9989516413316,
      532.3338013257326
    ]
  ],
  "is_crowd": 0,
  "caption": "Noise can be detected on the wider left and central side of the image. Turbulent mixing effect can be detected on the wider right side. A sill-type deformation pattern of medium intensity can be detected on the central side of the region."
}