{
  "uniqueID": 12957,
  "frameID": "083D_12636_131313",
  "primary_date": "20160602",
  "secondary_date": "20160918",
  "corrupted": 0,
  "processing_error": 0,
  "glacier_fringes": 0,
  "orbital_fringes": 0,
  "atmospheric_fringes": 1,
  "low_coherence": 1,
  "no_info": 0,
  "image_artifacts": 0,
  "label": [
    "Deformation"
  ],
  "activity_type": [
    "Mogi"
  ],
  "intensity_level": [
    "Low"
  ],
  "phase": "Unrest",
  "confidence": 0.7,
  "segmentation_mask": [
    [
      568.4892578125,
      359.314453125,
      562.8541598341944,
      351.14323927894293,
      565.1082021078728,
      335.64669864740245,
      569.6162866552295,
      327.4757954053184,
      587.0851142762367,
      325.50350841584986,
      597.7918150762107,
      332.2656352368849,
      598.6370809288401,
      344.66286774211767,
      596.6647939393715,
      353.6790368368311,
      588.7756459814973,
      359.31414252102695,
      576.3784134762645,
      360.15940837365633
    ]
  ],
  "is_crowd": 0,
  "caption": "Noise can be detected on the wider left side of the image. Vertical stratification effect can be detected on the top side of the region. A mogi-type deformation pattern of low intensity can be detected on the central-top side of the region. "
}