{
  "uniqueID": 12963,
  "frameID": "083D_12636_131313",
  "primary_date": "20160720",
  "secondary_date": "20161006",
  "corrupted": 0,
  "processing_error": 0,
  "glacier_fringes": 0,
  "orbital_fringes": 0,
  "atmospheric_fringes": 2,
  "low_coherence": 0,
  "no_info": 0,
  "image_artifacts": 0,
  "label": [
    "Deformation"
  ],
  "activity_type": [
    "Sill"
  ],
  "intensity_level": [
    "Low"
  ],
  "phase": "Unrest",
  "confidence": 0.7,
  "segmentation_mask": [
    [
      595.603515625,
      538.0078125,
      579.1677907899411,
      528.381400811124,
      574.2370733162697,
      516.8763933725568,
      580.106975070641,
      494.8055627761205,
      600.5342331758529,
      487.52688460070203,
      617.4395502284406,
      486.82249639017573,
      632.936090859981,
      487.2920885305266,
      641.1539533160994,
      491.5184177936735,
      644.6758943687219,
      503.7278134427652,
      644.6758943687219,
      514.7632287409833,
      638.8059926143524,
      527.6770126005995,
      629.4141498073586,
      533.3121182847954,
      608.9868917021467,
      537.5384475479423
    ]
  ],
  "is_crowd": 0,
  "caption": "Turbulent mixing effect can be detected on the wider left and right side of the region. A sill-type deformation pattern of low intensity can be detected on the central-top side of the region."
}