{
  "uniqueID": 12971,
  "frameID": "083D_12636_131313",
  "primary_date": "20160918",
  "secondary_date": "20161123",
  "corrupted": 0,
  "processing_error": 0,
  "glacier_fringes": 0,
  "orbital_fringes": 0,
  "atmospheric_fringes": 1,
  "low_coherence": 0,
  "no_info": 0,
  "image_artifacts": 0,
  "label": [
    "Deformation"
  ],
  "activity_type": [
    "Mogi"
  ],
  "intensity_level": [
    "Low"
  ],
  "phase": "Unrest",
  "confidence": 0.7,
  "segmentation_mask": [
    [
      593.0869140625,
      534.3125,
      583.2250668825636,
      529.2407544279631,
      577.308205914158,
      520.2245853332497,
      577.308205914158,
      502.4740024280309,
      580.6892693246755,
      492.6125674806881,
      590.8324595562281,
      487.5409723649118,
      603.229692061459,
      487.5409723649118,
      620.4167643982582,
      490.35852520700973,
      629.1511782087618,
      498.81118373330355,
      631.9687310508598,
      511.2084162385363,
      628.0241570719227,
      523.3238934595574,
      619.0079879772093,
      533.1853284069002,
      603.229692061459,
      535.1576153963688
    ]
  ],
  "is_crowd": 0,
  "caption": "Vertical stratification effect can be detected on the wider central-left and central side of the region. A mogi-type deformation pattern of low intensity can be detected on the central side of the region."
}