{
  "uniqueID": 12970,
  "frameID": "083D_12636_131313",
  "primary_date": "20160918",
  "secondary_date": "20161030",
  "corrupted": 0,
  "processing_error": 0,
  "glacier_fringes": 0,
  "orbital_fringes": 0,
  "atmospheric_fringes": 1,
  "low_coherence": 0,
  "no_info": 0,
  "image_artifacts": 0,
  "label": [
    "Deformation"
  ],
  "activity_type": [
    "Mogi"
  ],
  "intensity_level": [
    "Low"
  ],
  "phase": "Unrest",
  "confidence": 0.7,
  "segmentation_mask": [
    [
      587.69921875,
      487.9716796875,
      577.5561505642581,
      497.70895706147166,
      577.1504229549973,
      507.85214729302606,
      581.207699047618,
      528.5442553653938,
      589.3222512328612,
      533.8187142858023,
      600.6826242921998,
      534.6301695043257,
      620.9690047553067,
      532.6015314580145,
      628.6778293312873,
      521.6468860079385,
      633.952288251694,
      505.0120540281914,
      627.0549188942387,
      492.02877053180237,
      610.4200869144915,
      485.13140117434705,
      597.0310758088417,
      483.9142183465592
    ]
  ],
  "is_crowd": 0,
  "caption": "Vertical stratification effect can be detected on the wider central-left side of the region. A mogi-type deformation pattern of low intensity can be detected on the central side of the region."
}