{
  "uniqueID": 12986,
  "frameID": "083D_12636_131313",
  "primary_date": "20161217",
  "secondary_date": "20170203",
  "corrupted": 0,
  "processing_error": 0,
  "glacier_fringes": 0,
  "orbital_fringes": 0,
  "atmospheric_fringes": 3,
  "low_coherence": 1,
  "no_info": 0,
  "image_artifacts": 0,
  "label": [
    "Deformation"
  ],
  "activity_type": [
    "Sill"
  ],
  "intensity_level": [
    "Low"
  ],
  "phase": "Unrest",
  "confidence": 0.7,
  "segmentation_mask": [
    [
      626.513671875,
      497.458984375,
      614.0040141296395,
      492.38716325331734,
      594.3938463486375,
      486.97746179648857,
      583.5744434349799,
      492.04905691226486,
      580.8695927065655,
      500.83982177961116,
      580.5314863655149,
      521.4643085837706,
      584.250656117083,
      533.9742432026851,
      598.1130161002056,
      538.0315192953058,
      614.6802268117426,
      534.6504558847882,
      620.4280346096239,
      525.1834783353388,
      628.5425867948652,
      520.1118832195625,
      632.5998628874877,
      514.7021817627337,
      633.2760755695908,
      506.92573591854307
    ]
  ],
  "is_crowd": 0,
  "caption": "Noise can be detected on the wider left and central side of the image. Turbulent mixing effect can be detected on the wider right and left side. Vertical stratification effect can also be detected on the central side of the region. A sill-type deformation pattern of low intensity can be detected on the central side of the region. "
}