{
  "uniqueID": 12988,
  "frameID": "083D_12636_131313",
  "primary_date": "20161217",
  "secondary_date": "20170311",
  "corrupted": 0,
  "processing_error": 0,
  "glacier_fringes": 0,
  "orbital_fringes": 0,
  "atmospheric_fringes": 3,
  "low_coherence": 0,
  "no_info": 0,
  "image_artifacts": 0,
  "label": [
    "Deformation"
  ],
  "activity_type": [
    "Sill"
  ],
  "intensity_level": [
    "Low"
  ],
  "phase": "Unrest",
  "confidence": 0.7,
  "segmentation_mask": [
    [
      624.2000000000007,
      492.10000000000036,
      608.4000000000015,
      490.10000000000036,
      591.3000000000011,
      490.10000000000036,
      584.2000000000007,
      498.0,
      580.5,
      516.9000000000015,
      583.0841892404587,
      525.0426006932375,
      598.0172193035778,
      530.9594616616432,
      621.6846631772023,
      530.9594616616432,
      638.0264696613704,
      528.4236641037551,
      644.2000000000007,
      507.90000000000146,
      642.5,
      498.3000000000011,
      634.9000000000015,
      496.3000000000011
    ]
  ],
  "is_crowd": 0,
  "caption": "Turbulent mixing effect can be detected on the wider right and left side. Vertical stratification effect can also be detected on the central side of the region. A sill-type deformation pattern of low intensity can be detected on the central side of the region. "
}