{
  "uniqueID": 13110,
  "frameID": "083D_12636_131313",
  "primary_date": "20171224",
  "secondary_date": "20180210",
  "corrupted": 0,
  "processing_error": 0,
  "glacier_fringes": 0,
  "orbital_fringes": 0,
  "atmospheric_fringes": 0,
  "low_coherence": 0,
  "no_info": 0,
  "image_artifacts": 0,
  "label": [
    "Deformation"
  ],
  "activity_type": [
    "Sill"
  ],
  "intensity_level": [
    "Low"
  ],
  "phase": "Unrest",
  "confidence": 0.7,
  "segmentation_mask": [
    [
      572.58203125,
      331.3876953125,
      567.8858396180403,
      336.0834193379269,
      561.6246110800439,
      343.7142916186094,
      558.8853235946699,
      354.08445138466413,
      560.4506307291704,
      362.889304016222,
      567.8858396180403,
      366.0199182852193,
      576.886355641409,
      365.2372647179709,
      586.6695252320278,
      362.4979772325969,
      593.126417161835,
      355.6497585191646,
      594.4960609045211,
      349.58419337298074,
      595.4743778635839,
      337.0617362969897,
      592.7350903782099,
      331.38749793443094,
      585.4955448811525,
      329.6265274081197,
      580.2126333022188,
      329.6265274081197
    ]
  ],
  "is_crowd": 0,
  "caption": "A sill-type deformation pattern of low intensity can be detected on the central-top side of the region. The atmospheric impact is low. "
}