{
  "uniqueID": 13169,
  "frameID": "083D_12636_131313",
  "primary_date": "20180517",
  "secondary_date": "20181020",
  "corrupted": 0,
  "processing_error": 0,
  "glacier_fringes": 0,
  "orbital_fringes": 0,
  "atmospheric_fringes": 2,
  "low_coherence": 1,
  "no_info": 0,
  "image_artifacts": 0,
  "label": [
    "Deformation"
  ],
  "activity_type": [
    "Mogi"
  ],
  "intensity_level": [
    "Medium"
  ],
  "phase": "Unrest",
  "confidence": 0.7,
  "segmentation_mask": [
    [
      579.28515625,
      330.2138671875,
      574.8240634917074,
      333.03107042565534,
      567.5453853162871,
      341.24893288177554,
      564.7278324741892,
      350.1711835484184,
      565.6670167548891,
      360.50221063611207,
      571.302122439085,
      365.43292810978346,
      577.4068202636299,
      367.78088881153235,
      586.56386700045,
      365.9025202501325,
      598.7732626495417,
      361.441394916812,
      606.051940824962,
      354.3975128115653,
      606.521532965311,
      338.19658396950217,
      605.1127565442621,
      329.97872151338197,
      595.7209137372683,
      325.9871883204105
    ]
  ],
  "is_crowd": 0,
  "caption": "Noise can be detected on the wider left and central side of the image. Turbulent mixing effect can be detected on the wider right and bottom side. A mogi-type deformation pattern of medium intensity can be detected on the central side of the region. "
}