{
  "uniqueID": 13170,
  "frameID": "083D_12636_131313",
  "primary_date": "20180517",
  "secondary_date": "20181101",
  "corrupted": 0,
  "processing_error": 0,
  "glacier_fringes": 0,
  "orbital_fringes": 0,
  "atmospheric_fringes": 2,
  "low_coherence": 1,
  "no_info": 0,
  "image_artifacts": 0,
  "label": [
    "Deformation"
  ],
  "activity_type": [
    "Mogi"
  ],
  "intensity_level": [
    "Medium"
  ],
  "phase": "Unrest",
  "confidence": 0.5,
  "segmentation_mask": [
    [
      583.578125,
      327.865234375,
      571.6425767408364,
      332.75714167711703,
      562.4463973256552,
      348.21454963029464,
      563.0333875010929,
      360.34567992266057,
      571.2512499572131,
      368.56354237878077,
      590.4262623548238,
      372.0854834314032,
      599.2311149863817,
      370.324512905092,
      603.7313729980651,
      359.95435313903545,
      604.5140265653154,
      349.97552015660585,
      605.4923435243763,
      338.8227068233009,
      600.0137685536301,
      326.69157653093316,
      590.817589138449,
      325.5175961800596
    ]
  ],
  "is_crowd": 0,
  "caption": "Noise can be detected on the wider left and central side of the image. Turbulent mixing effect can be detected on the wider right and bottom side. A mogi-type deformation pattern of medium intensity can be detected on the central side of the region.  "
}