{
  "uniqueID": 13171,
  "frameID": "083D_12636_131313",
  "primary_date": "20180517",
  "secondary_date": "20181113",
  "corrupted": 0,
  "processing_error": 0,
  "glacier_fringes": 0,
  "orbital_fringes": 0,
  "atmospheric_fringes": 2,
  "low_coherence": 1,
  "no_info": 0,
  "image_artifacts": 0,
  "label": [
    "Deformation"
  ],
  "activity_type": [
    "Sill"
  ],
  "intensity_level": [
    "High"
  ],
  "phase": "Unrest",
  "confidence": 0.7,
  "segmentation_mask": [
    [
      568.5315288110214,
      365.83208142908006,
      562.4268309864765,
      357.37942290278625,
      560.7832584952521,
      343.7612508326456,
      564.3051995478745,
      331.78665125372936,
      569.2359170215459,
      326.85593378005615,
      582.3844969513375,
      323.56878879760916,
      601.168182565325,
      324.9775652186581,
      606.3336961091718,
      333.43022374495195,
      606.3336961091718,
      343.52645476247017,
      603.9857354074229,
      353.3878897098148,
      591.3067476179804,
      362.7797325168085,
      581.4453126706376,
      366.30167356943093,
      574.1666344952173,
      366.30167356943093
    ]
  ],
  "is_crowd": 0,
  "caption": "Noise can be detected on the wider left and central side of the image. Turbulent mixing effect can be detected on the wider right and bottom side. A sill-type deformation pattern of high intensity can be detected on the central side of the region. "
}