{
  "uniqueID": 13717,
  "frameID": "146D_12613_231107",
  "primary_date": "20150308",
  "secondary_date": "20150401",
  "corrupted": 0,
  "processing_error": 3,
  "glacier_fringes": 0,
  "orbital_fringes": 0,
  "atmospheric_fringes": 2,
  "low_coherence": 0,
  "no_info": 0,
  "image_artifacts": 0,
  "label": [
    "Non_Deformation"
  ],
  "activity_type": [],
  "intensity_level": [],
  "phase": "Rest",
  "confidence": 0.8,
  "segmentation_mask": [],
  "is_crowd": 0,
  "caption": "Turbulent mixing effect or wave-like patterns caused by liquid and solid particles of the atmosphere can be detected around the area. No deformation activity can be detected. The image has a processing error related to swath merging. Missing information."
}