{
  "uniqueID": 1379,
  "frameID": "124D_05291_081406",
  "primary_date": "20160629",
  "secondary_date": "20160927",
  "corrupted": 0,
  "processing_error": 0,
  "glacier_fringes": 0,
  "orbital_fringes": 0,
  "atmospheric_fringes": 3,
  "low_coherence": 1,
  "no_info": 0,
  "image_artifacts": 0,
  "label": [
    "Deformation"
  ],
  "activity_type": [
    "Mogi"
  ],
  "intensity_level": [
    "Low"
  ],
  "phase": "Unrest",
  "confidence": 0.5,
  "segmentation_mask": [
    [
      654.185546875,
      162.9794921875,
      644.0895654266496,
      161.81410517098266,
      639.9476398420611,
      157.93104993543056,
      638.2649825733206,
      152.23590225661974,
      640.2065101910975,
      143.30487521484793,
      641.2419915872451,
      137.48029236151888,
      644.4778709502061,
      134.11497782403967,
      654.703249737162,
      134.50328334759433,
      659.233480845307,
      136.5742461398895,
      662.3399250337498,
      142.13995864418212,
      664.6697581750814,
      145.11696765810666,
      664.2814526515249,
      151.32985603499037,
      660.6572677650092,
      155.08347609602606,
      658.5863049727141,
      159.61370720417108
    ]
  ],
  "is_crowd": 0,
  "caption": "Noisy areas caused by low coherence are spatially distributed on the central side of the region. Vertical stratification effect is detected on the topmost-left side of the region. Turbulent mixing effect is also detected on the left side while a wave-like pattern caused by atmosphreric delays is detected at the bottom side. A mogi-type deformation pattern of low intensity is detected in top-right side of the region. "
}