{
  "uniqueID": 1418,
  "frameID": "124D_05291_081406",
  "primary_date": "20161202",
  "secondary_date": "20170212",
  "corrupted": 0,
  "processing_error": 0,
  "glacier_fringes": 0,
  "orbital_fringes": 0,
  "atmospheric_fringes": 0,
  "low_coherence": 1,
  "no_info": 0,
  "image_artifacts": 0,
  "label": [
    "Deformation"
  ],
  "activity_type": [
    "Mogi"
  ],
  "intensity_level": [
    "Low"
  ],
  "phase": "Unrest",
  "confidence": 0.5,
  "segmentation_mask": [
    [
      617.7431640625,
      120.84375,
      611.9777134003962,
      135.0151673628934,
      613.2660179342274,
      154.98388763727053,
      620.3516928702975,
      170.4435420432401,
      630.0139768740282,
      182.0382828477159,
      633.8466828621749,
      189.44603391724377,
      662.1893826064515,
      190.0901861841594,
      680.5477222135414,
      189.12395778378595,
      694.3969959522219,
      170.4435420432401,
      702.1268231552058,
      151.11897403577677,
      699.2281379540873,
      132.76063442868872,
      689.2437778168987,
      116.33475162234572,
      672.1737427436401,
      108.60492441936185,
      639.6440532644137,
      109.8932289531931,
      619.6753329900366,
      116.01267548888791
    ]
  ],
  "is_crowd": 0,
  "caption": "Noisy areas caused by low coherence are spatially distributed on the wider area of the region. A mogi-type deformation pattern of low intensity is detected in top-right side of the region. "
}