{
  "uniqueID": 1426,
  "frameID": "124D_05291_081406",
  "primary_date": "20170212",
  "secondary_date": "20170302",
  "corrupted": 0,
  "processing_error": 0,
  "glacier_fringes": 0,
  "orbital_fringes": 0,
  "atmospheric_fringes": 1,
  "low_coherence": 0,
  "no_info": 0,
  "image_artifacts": 0,
  "label": [
    "Deformation"
  ],
  "activity_type": [
    "Mogi"
  ],
  "intensity_level": [
    "Medium"
  ],
  "phase": "Rebound",
  "confidence": 0.6,
  "segmentation_mask": [
    [
      600.8984375,
      162.23046875,
      612.1709590804712,
      181.23309251407227,
      626.3423089526095,
      197.33689918695745,
      666.2797495013656,
      202.49011732228064,
      685.2822413753693,
      180.26686411369883,
      691.0796117776081,
      153.53454503670946,
      696.2328299129313,
      136.14243382999484,
      686.8926220426583,
      122.61523622477216,
      664.9914449675343,
      111.66464768721016,
      632.4617554883062,
      111.02049542029454,
      612.1709590804712,
      114.24125675487085,
      606.3735886782324,
      117.13994195599116,
      600.2541421425376,
      124.2256168920594,
      601.8645228098248,
      135.49828156307922,
      599.2879137421642,
      145.16056556680996
    ]
  ],
  "is_crowd": 0,
  "caption": "Vertical stratification effect of low intensity is detected on the topmost-right, top and left side of the region. A mogi-type deformation pattern of medium intensity is detected in top-right side of the region. "
}