{
  "uniqueID": 1432,
  "frameID": "124D_05291_081406",
  "primary_date": "20170302",
  "secondary_date": "20170320",
  "corrupted": 0,
  "processing_error": 0,
  "glacier_fringes": 0,
  "orbital_fringes": 0,
  "atmospheric_fringes": 1,
  "low_coherence": 0,
  "no_info": 0,
  "image_artifacts": 0,
  "label": [
    "Deformation"
  ],
  "activity_type": [
    "Mogi"
  ],
  "intensity_level": [
    "Low"
  ],
  "phase": "Unrest",
  "confidence": 0.5,
  "segmentation_mask": [
    [
      624.1357421875,
      129.185546875,
      612.0582324337611,
      143.14222179714307,
      606.4219000982521,
      168.63991569587597,
      617.4261679913907,
      192.79562570520466,
      637.824323110377,
      204.06829037622447,
      675.3998720137752,
      205.4102742656305,
      693.3824561318306,
      194.94279992825614,
      698.7503916894584,
      164.07717047189362,
      695.7980271327633,
      141.8002379077352,
      688.5513141299652,
      128.1120022357827,
      662.2484298975869,
      119.79170212145982,
      631.6511972191056,
      121.40208278874707
    ]
  ],
  "is_crowd": 0,
  "caption": "Vertical stratification effect is detected on the high altitude areas in the top side of the region. A mogi-type deformation pattern of low intensity is detected in top-right side of the region.  "
}