{
  "uniqueID": 1434,
  "frameID": "124D_05291_081406",
  "primary_date": "20170314",
  "secondary_date": "20170320",
  "corrupted": 0,
  "processing_error": 0,
  "glacier_fringes": 0,
  "orbital_fringes": 0,
  "atmospheric_fringes": 1,
  "low_coherence": 0,
  "no_info": 0,
  "image_artifacts": 0,
  "label": [
    "Deformation"
  ],
  "activity_type": [
    "Mogi"
  ],
  "intensity_level": [
    "Low"
  ],
  "phase": "Rebound",
  "confidence": 0.6,
  "segmentation_mask": [
    [
      677.224609375,
      116.119140625,
      650.6089562967954,
      115.22448361784336,
      633.3868297160716,
      117.90845139665726,
      624.663934434926,
      147.87942492674847,
      631.1501899003924,
      168.68017521255933,
      644.3463648128964,
      176.50841456743365,
      666.2654350065441,
      178.74505438311098,
      682.3692416794293,
      162.64124771022762,
      686.1715293660836,
      144.30080122166328,
      685.9478653845144,
      123.7237149174216
    ]
  ],
  "is_crowd": 0,
  "caption": "Vertical stratification effect is detected on the high altitude areas in the top, left and bottom-right side of the region. A mogi-type deformation pattern of medium intensity is detected in top-right side of the region. "
}