{
  "uniqueID": 1436,
  "frameID": "124D_05291_081406",
  "primary_date": "20170314",
  "secondary_date": "20170401",
  "corrupted": 0,
  "processing_error": 0,
  "glacier_fringes": 0,
  "orbital_fringes": 0,
  "atmospheric_fringes": 2,
  "low_coherence": 0,
  "no_info": 0,
  "image_artifacts": 0,
  "label": [
    "Deformation"
  ],
  "activity_type": [
    "Mogi"
  ],
  "intensity_level": [
    "Low"
  ],
  "phase": "Rebound",
  "confidence": 0.6,
  "segmentation_mask": [
    [
      616.888671875,
      120.6552734375,
      599.924040564696,
      136.54258407949783,
      601.2704534438362,
      159.4316030248974,
      614.7345822352472,
      175.3192749987611,
      632.2379496640824,
      183.93631742526486,
      668.0525322492358,
      185.55201288023454,
      685.5558996780692,
      177.74281818121563,
      697.4043330145105,
      151.35312575005082,
      698.2121807419953,
      131.42621513876293,
      684.7480519505843,
      114.4614128615849,
      662.1283155810142,
      112.03786967913038,
      632.5072322399101,
      112.03786967913038
    ]
  ],
  "is_crowd": 0,
  "caption": "Vertical stratification effect is detected on the high altitude areas in the top side of the region. A mogi-type deformation pattern of low intensity is detected in top-right side of the region. "
}