{
  "uniqueID": 14513,
  "frameID": "164A_13146_131313",
  "primary_date": "20190710",
  "secondary_date": "20190722",
  "corrupted": 0,
  "processing_error": 2,
  "glacier_fringes": 0,
  "orbital_fringes": 0,
  "atmospheric_fringes": 2,
  "low_coherence": 1,
  "no_info": 0,
  "image_artifacts": 0,
  "label": [
    "Non_Deformation"
  ],
  "activity_type": [],
  "intensity_level": [],
  "phase": "Rest",
  "confidence": 0.8,
  "segmentation_mask": [],
  "is_crowd": 0,
  "caption": "Turbulent mixing effect or wave-like patterns caused by liquid and solid particles of the atmosphere can be detected around the area. Also, noisy areas can be detected due to low coherence. No deformation activity can be detected.  The image has a processing error during the debursting step."
}