{
  "uniqueID": 1453,
  "frameID": "124D_05291_081406",
  "primary_date": "20170425",
  "secondary_date": "20170519",
  "corrupted": 0,
  "processing_error": 0,
  "glacier_fringes": 0,
  "orbital_fringes": 0,
  "atmospheric_fringes": 3,
  "low_coherence": 1,
  "no_info": 0,
  "image_artifacts": 0,
  "label": [
    "Deformation"
  ],
  "activity_type": [
    "Sill"
  ],
  "intensity_level": [
    "Low"
  ],
  "phase": "Unrest",
  "confidence": 0.5,
  "segmentation_mask": [
    [
      676.373046875,
      121.1123046875,
      680.4126024797497,
      134.30753870012268,
      670.4491471741057,
      165.54431749619653,
      653.2150623211,
      174.43064249852796,
      631.1338911031853,
      170.66068643693325,
      624.4018267074807,
      155.85014476638025,
      623.3246964041682,
      134.038256124295,
      630.8646085273576,
      121.38197506036886,
      652.4072145936152,
      116.8041712712893,
      667.2177562641664,
      118.1505841504295
    ]
  ],
  "is_crowd": 0,
  "caption": "Noisy areas caused by low coherence are spatially distributed on the central side of the region. Vertical stratification effect is detected on the topmost-left side of the region. Turbulent mixing effect is also detected on the bottom-right. A sill-type deformation pattern of low intensity is detected in top-right side of the region. "
}