{
  "uniqueID": 1458,
  "frameID": "124D_05291_081406",
  "primary_date": "20170519",
  "secondary_date": "20170525",
  "corrupted": 0,
  "processing_error": 0,
  "glacier_fringes": 0,
  "orbital_fringes": 0,
  "atmospheric_fringes": 2,
  "low_coherence": 0,
  "no_info": 0,
  "image_artifacts": 0,
  "label": [
    "Deformation"
  ],
  "activity_type": [
    "Mogi"
  ],
  "intensity_level": [
    "Low"
  ],
  "phase": "Unrest",
  "confidence": 0.6,
  "segmentation_mask": [
    [
      657.900390625,
      137.7998046875,
      662.0,
      146.8000000000011,
      656.6000000000004,
      156.60000000000036,
      652.2000000000007,
      159.10000000000036,
      648.5,
      157.90000000000146,
      642.9000000000015,
      157.0,
      639.0,
      152.40000000000146,
      637.1000000000004,
      146.3000000000011,
      640.1000000000004,
      140.3000000000011,
      643.7000000000007,
      136.10000000000036,
      650.6000000000004,
      134.5
    ]
  ],
  "is_crowd": 0,
  "caption": "Turbulent mixing effect is detected on the top-right, bottom-right and left side of the region. A mogi-type deformation pattern of low intensity is detected in top-right side of the region. "
}