{
  "uniqueID": 1460,
  "frameID": "124D_05291_081406",
  "primary_date": "20170519",
  "secondary_date": "20170811",
  "corrupted": 0,
  "processing_error": 0,
  "glacier_fringes": 0,
  "orbital_fringes": 0,
  "atmospheric_fringes": 2,
  "low_coherence": 1,
  "no_info": 0,
  "image_artifacts": 0,
  "label": [
    "Deformation"
  ],
  "activity_type": [
    "Mogi"
  ],
  "intensity_level": [
    "Low"
  ],
  "phase": "Rebound",
  "confidence": 0.7,
  "segmentation_mask": [
    [
      668.64453125,
      170.203125,
      679.4162569491855,
      163.20155908649213,
      684.2633433140945,
      131.15693256293343,
      673.4920402809657,
      118.50065149900729,
      643.6016743640321,
      116.34639089238226,
      625.0211766318862,
      121.46275983311716,
      619.0969599636646,
      148.39101741593913,
      624.482611480229,
      167.77936287557168,
      638.7545879991249,
      174.2421446954486,
      659.2200637620699,
      173.43429696796375
    ]
  ],
  "is_crowd": 0,
  "caption": "Noisy areas caused by low coherence are spatially distributed on the central and left side of the region.Turbulent mixing effect can be detected on the bottom right side of the region.  A mogi-type deformation pattern of low intensity is detected in top-right side of the region. "
}