{
  "uniqueID": 1495,
  "frameID": "124D_05291_081406",
  "primary_date": "20171109",
  "secondary_date": "20171215",
  "corrupted": 0,
  "processing_error": 0,
  "glacier_fringes": 0,
  "orbital_fringes": 0,
  "atmospheric_fringes": 3,
  "low_coherence": 0,
  "no_info": 0,
  "image_artifacts": 0,
  "label": [
    "Deformation"
  ],
  "activity_type": [
    "Sill"
  ],
  "intensity_level": [
    "Low"
  ],
  "phase": "Rebound",
  "confidence": 0.6,
  "segmentation_mask": [
    [
      654.5869140625,
      166.1748046875,
      645.3670128059712,
      166.30479143719458,
      636.2766480741157,
      160.0713984782069,
      631.2120162949395,
      147.34488785360918,
      630.432842175067,
      137.4753490018811,
      636.0169233674915,
      130.2030572163967,
      643.1593527996629,
      126.17732426371913,
      652.3795798848314,
      124.22938896403502,
      665.3658152160533,
      125.13842543722058,
      671.5992081750392,
      128.5148466233386,
      673.8068681813475,
      141.6309443078717,
      672.5082446482247,
      151.1108960996644,
      662.7685681498078,
      151.2407584529774,
      665.4956775693645,
      155.65607846559215,
      669.0019611087955,
      162.66864554445237
    ]
  ],
  "is_crowd": 0,
  "caption": "Turbulent mixing effect can be detected on the bottom-right side of the region. Vertical stratification effcet can also be detected on the high altitude areas in the top and top-left side. A sill-type deformation pattern of low intensity is detected in top-right side of the region. "
}