{
  "uniqueID": 1515,
  "frameID": "124D_05291_081406",
  "primary_date": "20180114",
  "secondary_date": "20180120",
  "corrupted": 0,
  "processing_error": 0,
  "glacier_fringes": 0,
  "orbital_fringes": 0,
  "atmospheric_fringes": 1,
  "low_coherence": 0,
  "no_info": 0,
  "image_artifacts": 0,
  "label": [
    "Deformation"
  ],
  "activity_type": [
    "Mogi"
  ],
  "intensity_level": [
    "Low"
  ],
  "phase": "Rebound",
  "confidence": 0.6,
  "segmentation_mask": [
    [
      672.98046875,
      171.6572265625,
      684.559554147505,
      157.65433802443113,
      685.0981192991621,
      133.9574713515467,
      676.4810768726584,
      121.30119028762056,
      646.321428379897,
      117.80051680185352,
      619.1238882212474,
      120.22405998430804,
      607.8140200364633,
      139.3431228681111,
      605.1211942781811,
      158.73146832774364,
      616.4310624629652,
      175.96555318074934,
      654.130623078916,
      177.8505312115467
    ]
  ],
  "is_crowd": 0,
  "caption": "Vertical stratification effect can be detected on the high altitude areas in the top side of the region. A mogi-type deformation pattern of low intensity is detected in top-right side of the region. "
}