{
  "uniqueID": 1516,
  "frameID": "124D_05291_081406",
  "primary_date": "20180114",
  "secondary_date": "20180126",
  "corrupted": 0,
  "processing_error": 0,
  "glacier_fringes": 0,
  "orbital_fringes": 0,
  "atmospheric_fringes": 2,
  "low_coherence": 0,
  "no_info": 0,
  "image_artifacts": 0,
  "label": [
    "Deformation"
  ],
  "activity_type": [
    "Sill"
  ],
  "intensity_level": [
    "Low"
  ],
  "phase": "Rebound",
  "confidence": 0.7,
  "segmentation_mask": [
    [
      639.94921875,
      168.9228515625,
      656.3118119431256,
      169.5461557758681,
      662.5452049021133,
      165.96195482445,
      663.48021384596,
      158.79355292161563,
      667.9994237412266,
      151.62515101878125,
      670.4927809248202,
      145.85926253171965,
      665.1943969096828,
      138.06752133298687,
      665.350231733657,
      128.09409259860695,
      650.2342538081139,
      127.9382577746328,
      639.3258161298872,
      130.8991194301525,
      637.7674678901421,
      138.5350258049093,
      637.1441285942419,
      147.72928041941486,
      635.5857803544968,
      152.71599478660391,
      636.0532848264193,
      164.24777176072894
    ]
  ],
  "is_crowd": 0,
  "caption": "A wave-like pattern caused by atmospheric delays can be in the left side of the reigon. A sill-type deformation pattern of low intensity is detected in top-right side of the region. "
}