{
  "uniqueID": 1530,
  "frameID": "124D_05291_081406",
  "primary_date": "20180126",
  "secondary_date": "20180219",
  "corrupted": 0,
  "processing_error": 0,
  "glacier_fringes": 0,
  "orbital_fringes": 0,
  "atmospheric_fringes": 2,
  "low_coherence": 0,
  "no_info": 0,
  "image_artifacts": 0,
  "label": [
    "Deformation"
  ],
  "activity_type": [
    "Mogi"
  ],
  "intensity_level": [
    "Low"
  ],
  "phase": "Unrest",
  "confidence": 0.8,
  "segmentation_mask": [
    [
      658.9296875,
      168.9697265625,
      667.1890826565577,
      161.64533020035196,
      669.8382746641273,
      148.39937016250587,
      668.2799264243804,
      132.97172258901446,
      661.111524521546,
      127.0499992779769,
      635.0871089177763,
      128.60834751772381,
      628.0745418389179,
      142.32181202749416,
      629.4770552546888,
      156.97028548111302,
      643.5021894124093,
      169.12540175113645
    ]
  ],
  "is_crowd": 0,
  "caption": "A wave-like pattern caused by atmospheric delays can be detected on the top-left side of the region. A mogi-type deformation pattern of low intensity is detected in top-right side of the region. "
}