{
  "uniqueID": 1532,
  "frameID": "124D_05291_081406",
  "primary_date": "20180126",
  "secondary_date": "20180309",
  "corrupted": 0,
  "processing_error": 0,
  "glacier_fringes": 0,
  "orbital_fringes": 0,
  "atmospheric_fringes": 2,
  "low_coherence": 1,
  "no_info": 0,
  "image_artifacts": 0,
  "label": [
    "Deformation"
  ],
  "activity_type": [
    "Sill"
  ],
  "intensity_level": [
    "Medium"
  ],
  "phase": "Unrest",
  "confidence": 0.6,
  "segmentation_mask": [
    [
      636.92578125,
      132.9296875,
      636.2766480741157,
      139.29342194825222,
      635.7571986608673,
      147.47475020692218,
      633.1599515946218,
      156.04566552552933,
      636.5363727807398,
      165.7853420239444,
      641.860729266542,
      169.9409373299368,
      655.106689304388,
      170.07079968324797,
      663.4178799163692,
      166.17492908388158,
      667.1838881624244,
      161.24015965801664,
      666.2748516892389,
      157.21442670533906,
      668.09292463561,
      149.55254785991747,
      667.963062282297,
      141.7608066611847,
      667.5734752223616,
      134.61837722901328,
      665.4956775693645,
      128.90443368327578,
      656.535175190822,
      125.91759955709313,
      645.4968751592842,
      126.82663603027868,
      641.6010045599178,
      127.34608544352886
    ]
  ],
  "is_crowd": 0,
  "caption": "Noisy areas caused by low coherence are spatially distributed on the central and left side of the region. A wave-like pattern caused by atmosphreic delays can be detected on the top-left side. A sill-type deformation pattern of low intensity is detected in top-right side of the region. "
}