{
  "uniqueID": 1549,
  "frameID": "124D_05291_081406",
  "primary_date": "20180219",
  "secondary_date": "20180315",
  "corrupted": 0,
  "processing_error": 0,
  "glacier_fringes": 0,
  "orbital_fringes": 0,
  "atmospheric_fringes": 1,
  "low_coherence": 0,
  "no_info": 0,
  "image_artifacts": 0,
  "label": [
    "Deformation"
  ],
  "activity_type": [
    "Mogi"
  ],
  "intensity_level": [
    "Low"
  ],
  "phase": "Rebound",
  "confidence": 0.7,
  "segmentation_mask": [
    [
      644.1982421875,
      132.80078125,
      636.1467857208045,
      140.59204548137495,
      635.8870610141785,
      157.21442670533906,
      646.4059116324697,
      162.79850789776356,
      657.4442116640075,
      162.019333777891,
      660.4310457901884,
      152.9289690460355,
      664.4567787428678,
      148.38378668010773,
      661.8595316766241,
      143.3191549009316,
      658.6129728438173,
      138.51424782837967,
      656.9247622507592,
      132.410717222705,
      650.8212316450845,
      131.89126780945662
    ]
  ],
  "is_crowd": 0,
  "caption": "Vertical stratification effect of low intensity can be detected on the high altitude areas in the top side of the region. A mogi-type deformation pattern of low intensity is detected in top-right side of the region.  "
}