{
  "uniqueID": 15534,
  "frameID": "124D_04854_171313",
  "primary_date": "20160313",
  "secondary_date": "20160927",
  "corrupted": 0,
  "processing_error": 0,
  "glacier_fringes": 0,
  "orbital_fringes": 0,
  "atmospheric_fringes": 2,
  "low_coherence": 1,
  "no_info": 0,
  "image_artifacts": 0,
  "label": [
    "Deformation"
  ],
  "activity_type": [
    "Spheroid"
  ],
  "intensity_level": [
    "Low"
  ],
  "phase": "Unrest",
  "confidence": 0.7,
  "segmentation_mask": [
    [
      101.7001953125,
      719.900390625,
      105.10000000000036,
      716.2000000000007,
      111.30000000000109,
      713.5,
      117.80000000000109,
      714.6000000000004,
      125.70000000000073,
      719.0,
      127.60000000000036,
      722.7000000000007,
      124.80000000000109,
      729.4000000000015,
      121.70000000000073,
      731.2000000000007,
      119.0,
      728.7000000000007,
      120.0,
      726.3000000000011,
      116.70000000000073,
      725.4000000000015,
      112.20000000000073,
      725.3000000000011,
      107.40000000000146,
      723.8000000000011,
      105.30000000000109,
      721.6000000000004,
      104.10000000000036,
      720.5
    ]
  ],
  "is_crowd": 0,
  "caption": "Noise can be detected on the wider area. Turbulent mixing effect can be detected on the bottom-left side of the region. A spheroid-type of low intensity can be detected on the bottom-left side of the region. "
}