{
  "uniqueID": 15542,
  "frameID": "124D_04854_171313",
  "primary_date": "20160325",
  "secondary_date": "20160927",
  "corrupted": 0,
  "processing_error": 0,
  "glacier_fringes": 0,
  "orbital_fringes": 0,
  "atmospheric_fringes": 2,
  "low_coherence": 1,
  "no_info": 0,
  "image_artifacts": 0,
  "label": [
    "Deformation"
  ],
  "activity_type": [
    "Spheroid"
  ],
  "intensity_level": [
    "Medium"
  ],
  "phase": "Unrest",
  "confidence": 0.7,
  "segmentation_mask": [
    [
      101.4619140625,
      720.021484375,
      101.46177879664901,
      715.5870626852957,
      107.12770933253523,
      711.0296837759943,
      115.25708792750447,
      711.0296837759943,
      125.97308698450615,
      716.0797522971116,
      129.175569461313,
      723.4700964743552,
      128.19019023767942,
      728.8896822043334,
      121.16936326929863,
      730.1214062338731,
      118.95226001612536,
      726.795751354115,
      115.87294994227341,
      724.7018205038949,
      111.06922622706588,
      724.209130892079,
      107.12770933253523,
      723.962786086171,
      102.44715802028077,
      722.9774068625375
    ]
  ],
  "is_crowd": 0,
  "caption": "Noise can be detected on the wider area. Turbulent mixing effect can be detected on the bottom-left and central-top side of the region. A spheroid-type of medium intensity can be detected on the bottom-left side of the region. "
}