{
  "uniqueID": 1560,
  "frameID": "124D_05291_081406",
  "primary_date": "20180309",
  "secondary_date": "20180315",
  "corrupted": 0,
  "processing_error": 0,
  "glacier_fringes": 0,
  "orbital_fringes": 0,
  "atmospheric_fringes": 3,
  "low_coherence": 0,
  "no_info": 0,
  "image_artifacts": 0,
  "label": [
    "Deformation"
  ],
  "activity_type": [
    "Mogi"
  ],
  "intensity_level": [
    "Medium"
  ],
  "phase": "Rebound",
  "confidence": 0.5,
  "segmentation_mask": [
    [
      624.8056640625,
      134.240234375,
      621.439718373369,
      144.56271679624842,
      620.3177076407519,
      162.7392906646528,
      628.3961849155985,
      170.36896364645145,
      636.4746621904451,
      172.38858296516446,
      651.0608017144732,
      172.38858296516446,
      661.6077026010789,
      170.1445614999284,
      664.3005283593611,
      160.27086705289366,
      667.2177562641664,
      149.72396616628976,
      668.1153648502604,
      135.3622287887847,
      664.9737347989321,
      122.79570858346779,
      646.7971609305278,
      121.44929570432578,
      630.1914020877866,
      124.81532790217898
    ]
  ],
  "is_crowd": 0,
  "caption": "Vertical stratification effect can be detected on the high altitude areas in the top side region. Turbulent mixing effect can also be detected on the left side. A mogi-type deformation pattern of medium intensity is detected in top-right side of the region. "
}