{
  "uniqueID": 15627,
  "frameID": "124D_04854_171313",
  "primary_date": "20161226",
  "secondary_date": "20170101",
  "corrupted": 0,
  "processing_error": 0,
  "glacier_fringes": 0,
  "orbital_fringes": 0,
  "atmospheric_fringes": 2,
  "low_coherence": 0,
  "no_info": 0,
  "image_artifacts": 0,
  "label": [
    "Deformation"
  ],
  "activity_type": [
    "Mogi"
  ],
  "intensity_level": [
    "Low"
  ],
  "phase": "Unrest",
  "confidence": 0.5,
  "segmentation_mask": [
    [
      206.69921875,
      710.166015625,
      208.64933099061273,
      712.9376774183584,
      209.6757676818961,
      716.8381368452374,
      207.0070322845586,
      723.8179063459665,
      200.12990645295758,
      724.5364120298655,
      192.9448496139703,
      721.9703203016561,
      190.6866888931454,
      717.24871152175,
      191.50783824617247,
      711.2953787123042,
      195.20301033479518,
      708.4213559767104,
      201.66956148988356,
      708.3187123075804,
      203.92772221070663,
      708.3187123075804
    ]
  ],
  "is_crowd": 0,
  "caption": "Turbulent mixing effect can be detected on the central-top side of the region. A mogi-type of low intensity can be detected on the bottom-left side of the region. "
}