{
  "uniqueID": 1563,
  "frameID": "124D_05291_081406",
  "primary_date": "20180309",
  "secondary_date": "20180402",
  "corrupted": 0,
  "processing_error": 0,
  "glacier_fringes": 0,
  "orbital_fringes": 0,
  "atmospheric_fringes": 1,
  "low_coherence": 0,
  "no_info": 0,
  "image_artifacts": 0,
  "label": [
    "Deformation"
  ],
  "activity_type": [
    "Mogi"
  ],
  "intensity_level": [
    "Medium"
  ],
  "phase": "Rebound",
  "confidence": 0.5,
  "segmentation_mask": [
    [
      637.3720703125,
      175.8671875,
      626.1521634503642,
      168.01274110795566,
      619.4200990546578,
      153.42660158392755,
      621.215316226846,
      135.92323415509236,
      626.1521634503642,
      123.35671394977544,
      647.2459652235739,
      120.21508389844712,
      673.5010163668248,
      121.56149677758731,
      677.9890592972952,
      136.82084274118642,
      675.296233539013,
      152.75339514435655,
      683.1503086673365,
      156.3438294887328,
      685.8431344256187,
      163.52469817748533,
      682.4771022277655,
      170.4811647197148,
      663.178517626744,
      175.8668162362792
    ]
  ],
  "is_crowd": 0,
  "caption": "Vertical stratification effect can be detected on the high altitude areas in the top and left side of the region. A mogi-type deformation pattern of meidum intensity is detected in top-right side of the region. "
}