{
  "uniqueID": 1577,
  "frameID": "124D_05291_081406",
  "primary_date": "20180327",
  "secondary_date": "20180402",
  "corrupted": 0,
  "processing_error": 0,
  "glacier_fringes": 0,
  "orbital_fringes": 0,
  "atmospheric_fringes": 1,
  "low_coherence": 0,
  "no_info": 0,
  "image_artifacts": 0,
  "label": [
    "Deformation"
  ],
  "activity_type": [
    "Sill"
  ],
  "intensity_level": [
    "Medium"
  ],
  "phase": "Rebound",
  "confidence": 0.7,
  "segmentation_mask": [
    [
      668.8408203125,
      174.96875,
      672.3939657773099,
      168.9851504095568,
      677.4430140740897,
      146.7319375459756,
      678.5650248067068,
      133.080806965796,
      674.4509854537755,
      127.09674972516768,
      661.7348638174426,
      119.61667817438502,
      644.9047028281784,
      120.3646853294631,
      628.074541838916,
      123.35671394977544,
      616.6674327239707,
      132.89380517702557,
      613.4884023148861,
      141.6828892491958,
      612.1793897935004,
      161.50507885877414,
      617.7894434565878,
      173.84719691756618,
      635.1806098121597,
      177.96123627049747,
      657.6208244645113,
      177.77423448172885
    ]
  ],
  "is_crowd": 0,
  "caption": "Avertical stratification effect can be detected on the top side of the region. A sill-type deformation pattern of medium intensity is detected in top-right side of the region. "
}