{
  "uniqueID": 15789,
  "frameID": "124D_04854_171313",
  "primary_date": "20180315",
  "secondary_date": "20180420",
  "corrupted": 0,
  "processing_error": 0,
  "glacier_fringes": 0,
  "orbital_fringes": 0,
  "atmospheric_fringes": 2,
  "low_coherence": 0,
  "no_info": 0,
  "image_artifacts": 0,
  "label": [
    "Deformation"
  ],
  "activity_type": [
    "Spheroid"
  ],
  "intensity_level": [
    "Low"
  ],
  "phase": "Unrest",
  "confidence": 0.6,
  "segmentation_mask": [
    [
      117.8095703125,
      724.947265625,
      118.42554582676348,
      722.4835386472987,
      117.80968381199455,
      719.3015849043186,
      114.21715539249999,
      718.1725045439052,
      109.90612128910834,
      717.8645735365208,
      107.5453168991553,
      718.6857228895478,
      106.41623653874376,
      721.3544582868853,
      106.00566186222932,
      722.4835386472987,
      109.70083395085203,
      722.5861823164269,
      112.36956934818954,
      723.3046880003258,
      116.27002877506857,
      724.9469867063799
    ]
  ],
  "is_crowd": 0,
  "caption": "A wave-like pattern caused by atmospheric delays can be detected on the wider left side of the region. A spheroid-type of low intensity can be detected on the bottom-left side of the region. "
}