{
  "uniqueID": 15793,
  "frameID": "124D_04854_171313",
  "primary_date": "20180315",
  "secondary_date": "20180911",
  "corrupted": 0,
  "processing_error": 0,
  "glacier_fringes": 0,
  "orbital_fringes": 0,
  "atmospheric_fringes": 2,
  "low_coherence": 1,
  "no_info": 0,
  "image_artifacts": 0,
  "label": [
    "Deformation"
  ],
  "activity_type": [
    "Spheroid"
  ],
  "intensity_level": [
    "Low"
  ],
  "phase": "Unrest",
  "confidence": 0.7,
  "segmentation_mask": [
    [
      116.400390625,
      725.099609375,
      113.90000000000146,
      723.2000000000007,
      108.0,
      722.7000000000007,
      106.40000000000146,
      719.9000000000015,
      108.90000000000146,
      716.3000000000011,
      111.30000000000109,
      715.6000000000004,
      119.10000000000036,
      717.8000000000011,
      122.30000000000109,
      720.2000000000007,
      121.70000000000073,
      724.5,
      119.20000000000073,
      726.9000000000015
    ]
  ],
  "is_crowd": 0,
  "caption": "Noise can be detected on the wider area. Turbulent mixing effect can be detected on the bottom-left and central-top side of the region. A spheroid-type of low intensity can be detected on the bottom-left side of the region.  "
}