{
  "uniqueID": 15794,
  "frameID": "124D_04854_171313",
  "primary_date": "20180315",
  "secondary_date": "20180917",
  "corrupted": 0,
  "processing_error": 0,
  "glacier_fringes": 0,
  "orbital_fringes": 0,
  "atmospheric_fringes": 3,
  "low_coherence": 1,
  "no_info": 0,
  "image_artifacts": 0,
  "label": [
    "Deformation"
  ],
  "activity_type": [
    "Spheroid"
  ],
  "intensity_level": [
    "Low"
  ],
  "phase": "Unrest",
  "confidence": 0.7,
  "segmentation_mask": [
    [
      110.568359375,
      723.4443359375,
      107.3279999999977,
      722.0039999999972,
      106.48799999999756,
      717.5639999999967,
      107.68799999999828,
      714.8039999999983,
      111.88799999999719,
      712.8839999999982,
      117.88799999999719,
      715.6439999999966,
      122.08799999999792,
      718.5239999999976,
      123.64799999999741,
      721.5239999999976,
      121.72799999999734,
      725.3639999999978,
      121.12799999999697,
      729.8039999999983,
      118.48799999999756,
      729.2039999999979,
      115.60799999999836,
      725.6039999999975,
      112.24799999999777,
      724.4039999999968
    ]
  ],
  "is_crowd": 0,
  "caption": "Noise can be detected on the wider area. Turbulent mixing effect can be detected on the bottom-left and central-top side of the region. Vertical stratification effect can also be detected on the bottom-left side. A spheroid-type of low intensity can be detected on the bottom-left side of the region.  "
}