{
  "uniqueID": 15800,
  "frameID": "124D_04854_171313",
  "primary_date": "20180321",
  "secondary_date": "20180923",
  "corrupted": 0,
  "processing_error": 0,
  "glacier_fringes": 0,
  "orbital_fringes": 0,
  "atmospheric_fringes": 2,
  "low_coherence": 1,
  "no_info": 0,
  "image_artifacts": 0,
  "label": [
    "Deformation"
  ],
  "activity_type": [
    "Spheroid"
  ],
  "intensity_level": [
    "Low"
  ],
  "phase": "Unrest",
  "confidence": 0.6,
  "segmentation_mask": [
    [
      107.18359375,
      723.1689453125,
      105.45959754246906,
      717.7496126270999,
      109.7706316458607,
      714.793474956201,
      114.94387256993105,
      715.0398197621107,
      121.96469953831365,
      720.3362330891341,
      122.45738915012953,
      725.7558188191124,
      120.97932031468008,
      726.9875428486539,
      117.40732062901225,
      723.661887968894,
      110.87918327244734,
      723.661887968894
    ]
  ],
  "is_crowd": 0,
  "caption": "Noise can be detected on the wider area. Turbulent mixing effect can be detected on the bottom-left and central-top side of the region. A spheroid-type of low intensity can be detected on the bottom-left side of the region.   "
}