{
  "uniqueID": 1583,
  "frameID": "124D_05291_081406",
  "primary_date": "20180402",
  "secondary_date": "20180408",
  "corrupted": 0,
  "processing_error": 0,
  "glacier_fringes": 0,
  "orbital_fringes": 0,
  "atmospheric_fringes": 2,
  "low_coherence": 0,
  "no_info": 0,
  "image_artifacts": 0,
  "label": [
    "Deformation"
  ],
  "activity_type": [
    "Mogi"
  ],
  "intensity_level": [
    "Low"
  ],
  "phase": "Unrest",
  "confidence": 0.6,
  "segmentation_mask": [
    [
      634.052734375,
      193.291015625,
      610.4637605826083,
      181.01190865176613,
      603.03156148975,
      166.47064955704263,
      603.03156148975,
      127.37081954678615,
      609.8174824006201,
      115.09153408901875,
      644.0702260459711,
      110.56758681510473,
      672.8296051444231,
      110.56758681510473,
      680.9080824192697,
      122.84687227287213,
      686.078307875172,
      142.23521773250286,
      677.9998306003254,
      158.39217228219604,
      673.7990224174064,
      174.22598774089602,
      664.1048496875901,
      181.01190865176613,
      666.043684233553,
      194.5837504735082,
      654.4106769577738,
      196.8457241104661
    ]
  ],
  "is_crowd": 0,
  "caption": "Wave-like patterns and turbulent mixing effect caused by atmospheric delays can be detected on the top-left side of the region. A mogi-type deformation pattern of low intensity is detected in top-right side of the region. "
}