{
  "uniqueID": 1590,
  "frameID": "124D_05291_081406",
  "primary_date": "20180408",
  "secondary_date": "20180508",
  "corrupted": 0,
  "processing_error": 0,
  "glacier_fringes": 0,
  "orbital_fringes": 0,
  "atmospheric_fringes": 1,
  "low_coherence": 1,
  "no_info": 0,
  "image_artifacts": 0,
  "label": [
    "Deformation"
  ],
  "activity_type": [
    "Sill"
  ],
  "intensity_level": [
    "Low"
  ],
  "phase": "Unrest",
  "confidence": 0.6,
  "segmentation_mask": [
    [
      637.830078125,
      168.0498046875,
      628.1680427333013,
      155.5833555477384,
      628.4797123812514,
      137.03901149475314,
      633.4664267484404,
      127.68892205627344,
      642.1931768910217,
      125.81890416857823,
      658.8675030563099,
      125.66306934460226,
      664.010052247475,
      129.24727029602036,
      666.6592442550445,
      142.49323033386645,
      668.6850969667139,
      156.5183644915869,
      661.6725298878555,
      168.67348076161034,
      645.7773778424398,
      170.3876638253314
    ]
  ],
  "is_crowd": 0,
  "caption": "Noisy areas caused by low coherence are spatially distributed on the central and left side of the region. Vertical stratification effect can be detected on the top side of the region. A sill-type deformation pattern of low intensity is detected in top-right side of the region. "
}