{
  "uniqueID": 1591,
  "frameID": "124D_05291_081406",
  "primary_date": "20180408",
  "secondary_date": "20180526",
  "corrupted": 0,
  "processing_error": 0,
  "glacier_fringes": 0,
  "orbital_fringes": 0,
  "atmospheric_fringes": 1,
  "low_coherence": 1,
  "no_info": 0,
  "image_artifacts": 0,
  "label": [
    "Deformation"
  ],
  "activity_type": [
    "Mogi"
  ],
  "intensity_level": [
    "Medium"
  ],
  "phase": "Unrest",
  "confidence": 0.6,
  "segmentation_mask": [
    [
      635.9521484375,
      129.423828125,
      627.1213521656045,
      139.29342194825222,
      626.6019027523562,
      158.5130502384618,
      630.4977733517226,
      165.5256173173202,
      639.8478627902023,
      169.29162556337542,
      655.950794600918,
      169.6812126233126,
      666.2099205125833,
      167.7332773236285,
      669.4564793453883,
      155.78594081890515,
      669.4564793453883,
      142.28025607443305,
      664.9112969794605,
      136.30658782207138,
      664.2619852128992,
      127.34608544352886,
      643.4840086829445,
      126.43704897034331
    ]
  ],
  "is_crowd": 0,
  "caption": "Noisy areas caused by low coherence are spatially distributed on the central side of the region. Vertical stratification effect can be detected on the top side of the region. A mogi-type deformation pattern of medium intensity is detected in top-right side of the region."
}