{
  "uniqueID": 1601,
  "frameID": "124D_05291_081406",
  "primary_date": "20180426",
  "secondary_date": "20180508",
  "corrupted": 0,
  "processing_error": 0,
  "glacier_fringes": 0,
  "orbital_fringes": 0,
  "atmospheric_fringes": 3,
  "low_coherence": 0,
  "no_info": 0,
  "image_artifacts": 0,
  "label": [
    "Deformation"
  ],
  "activity_type": [
    "Sill"
  ],
  "intensity_level": [
    "Low"
  ],
  "phase": "Unrest",
  "confidence": 0.5,
  "segmentation_mask": [
    [
      635.19921875,
      167.7880859375,
      626.0362223413267,
      159.186256678031,
      622.857191932244,
      138.99006349091542,
      625.4752169750191,
      128.14395974227773,
      629.4022545391799,
      123.28191323426836,
      644.5493994295175,
      122.7209078679607,
      661.3795604187817,
      123.6559168118074,
      667.3636176594082,
      126.27394185458252,
      669.6076391246424,
      135.99803487060126,
      669.0466337583348,
      144.97412073154192,
      668.2986266032567,
      153.57620301494353,
      666.8026122930987,
      161.61727993203567,
      660.6315532637018,
      169.6583568491278,
      645.484408373366,
      171.52837473682484
    ]
  ],
  "is_crowd": 0,
  "caption": "Vetical stratification effect can be detected on the top-left side of the region. Turbulent mixing effect can also be detected on the bottom-right side. A sill-type deformation pattern of low intensity is detected in top-right side of the region. "
}