{
  "uniqueID": 1603,
  "frameID": "124D_05291_081406",
  "primary_date": "20180426",
  "secondary_date": "20180526",
  "corrupted": 0,
  "processing_error": 0,
  "glacier_fringes": 0,
  "orbital_fringes": 0,
  "atmospheric_fringes": 3,
  "low_coherence": 1,
  "no_info": 0,
  "image_artifacts": 0,
  "label": [
    "Deformation"
  ],
  "activity_type": [
    "Sill"
  ],
  "intensity_level": [
    "Medium"
  ],
  "phase": "Unrest",
  "confidence": 0.6,
  "segmentation_mask": [
    [
      633.7783203125,
      167.3955078125,
      623.8046676620106,
      149.00712597600796,
      629.4147213250999,
      129.2161033312259,
      645.3098733705156,
      123.60604966813662,
      653.2574493932225,
      121.58019695646726,
      666.3475746070944,
      125.0085630839094,
      671.1784541503093,
      140.1245410094525,
      668.8409317906899,
      154.92884928704552,
      666.3475746070944,
      168.01897450091565,
      650.919927033603,
      171.29150580438363,
      643.9073599547428,
      171.91484510028386
    ]
  ],
  "is_crowd": 0,
  "caption": "Noisy areas caused by low coherence are spatially distributed on the central and left side of the region. Vetical stratification effect can be detected on the top-left side of the region. Turbulent mixing effect can also be detected on the bottom-right side. A sill-type deformation pattern of medium intensity is detected in top-right side of the region.  "
}