{
  "uniqueID": 16088,
  "frameID": "124D_04854_171313",
  "primary_date": "20190720",
  "secondary_date": "20190807",
  "corrupted": 0,
  "processing_error": 2,
  "glacier_fringes": 0,
  "orbital_fringes": 0,
  "atmospheric_fringes": 3,
  "low_coherence": 0,
  "no_info": 0,
  "image_artifacts": 0,
  "label": [
    "Non_Deformation"
  ],
  "activity_type": [],
  "intensity_level": [],
  "phase": "Rest",
  "confidence": 0.8,
  "segmentation_mask": [],
  "is_crowd": 0,
  "caption": "Vertical stratification and turbulent mixing effects can be detected around the area. No deformation activity can be detected.  The image has a processing error during the debursting step."
}