{
  "uniqueID": 16301,
  "frameID": "124D_04854_171313",
  "primary_date": "20200906",
  "secondary_date": "20210311",
  "corrupted": 0,
  "processing_error": 0,
  "glacier_fringes": 0,
  "orbital_fringes": 0,
  "atmospheric_fringes": 2,
  "low_coherence": 1,
  "no_info": 0,
  "image_artifacts": 0,
  "label": [
    "Deformation"
  ],
  "activity_type": [
    "Spheroid"
  ],
  "intensity_level": [
    "Medium"
  ],
  "phase": "Unrest",
  "confidence": 0.7,
  "segmentation_mask": [
    [
      114.9013671875,
      724.6044921875,
      111.17627510837337,
      722.6533523335056,
      107.27417338278792,
      723.5401936347753,
      102.6625986161871,
      720.5249332104595,
      100.53417949314098,
      719.8154601694441,
      103.72680817771106,
      717.3323045258912,
      108.16101468405759,
      716.2680949643673,
      114.90100857370271,
      715.5586219233519,
      120.3994246415732,
      715.9133584438605,
      125.72047244918758,
      719.1059871284288,
      128.38099635299477,
      724.7817714565517,
      126.42994549020295,
      728.6838731821372,
      122.52784376461932,
      729.038609702644,
      117.9162689980185,
      725.6686127578214
    ]
  ],
  "is_crowd": 0,
  "caption": "Noise can be detected on the wider area. Turbulent mixing effect can be detected on the bottom-left and central-top side of the region. A spheroid-type of medium intensity can be detected on the bottom-left side of the region.   "
}