{
  "uniqueID": 16304,
  "frameID": "124D_04854_171313",
  "primary_date": "20200912",
  "secondary_date": "20210305",
  "corrupted": 0,
  "processing_error": 0,
  "glacier_fringes": 0,
  "orbital_fringes": 0,
  "atmospheric_fringes": 2,
  "low_coherence": 1,
  "no_info": 0,
  "image_artifacts": 0,
  "label": [
    "Deformation"
  ],
  "activity_type": [
    "Spheroid"
  ],
  "intensity_level": [
    "Medium"
  ],
  "phase": "Unrest",
  "confidence": 0.7,
  "segmentation_mask": [
    [
      112.369140625,
      723.390625,
      106.4572940063972,
      724.1299431001189,
      101.40722548527992,
      720.681115817406,
      103.74750114140807,
      716.2469093110594,
      109.2902592743394,
      713.4139440431154,
      116.31108624272201,
      713.0444268342544,
      123.70143041996562,
      715.1506749247692,
      128.62832653812802,
      722.0360122499005,
      127.15025770267857,
      728.5764668467618,
      120.99163755497648,
      729.91904603896,
      115.5720518249982,
      725.7311843385214
    ]
  ],
  "is_crowd": 0,
  "caption": "Noise can be detected on the wider area. Turbulent mixing effect can be detected on the bottom-left and central-top side of the region. A spheroid-type of medium intensity can be detected on the bottom-left side of the region.  "
}