{
  "uniqueID": 16311,
  "frameID": "124D_04854_171313",
  "primary_date": "20200930",
  "secondary_date": "20210305",
  "corrupted": 0,
  "processing_error": 0,
  "glacier_fringes": 0,
  "orbital_fringes": 0,
  "atmospheric_fringes": 2,
  "low_coherence": 1,
  "no_info": 0,
  "image_artifacts": 0,
  "label": [
    "Deformation"
  ],
  "activity_type": [
    "Spheroid"
  ],
  "intensity_level": [
    "Medium"
  ],
  "phase": "Unrest",
  "confidence": 0.7,
  "segmentation_mask": [
    [
      120.5234375,
      727.6552734375,
      115.73463939689464,
      724.6398768483486,
      108.63990898674092,
      722.5114577253007,
      101.3678103163329,
      719.6735655612392,
      103.85096595988762,
      716.3035686164167,
      109.88148680851918,
      712.5788351510855,
      116.44411243791001,
      712.5788351510855,
      121.9425285057805,
      713.8204129728638,
      126.9088397928881,
      716.8356733971777,
      127.26357631339488,
      722.5114577253007,
      126.19936675187273,
      727.3004007521558,
      121.9425285057805,
      730.1382929162173
    ]
  ],
  "is_crowd": 0,
  "caption": "Noise can be detected on the wider area. Turbulent mixing effect can be detected on the central-top side of the region. A spheroid-type of low intensity can be detected on the bottom-left side of the region.  "
}