{
  "uniqueID": 1631,
  "frameID": "124D_05291_081406",
  "primary_date": "20180601",
  "secondary_date": "20180619",
  "corrupted": 0,
  "processing_error": 0,
  "glacier_fringes": 0,
  "orbital_fringes": 0,
  "atmospheric_fringes": 2,
  "low_coherence": 0,
  "no_info": 0,
  "image_artifacts": 0,
  "label": [
    "Deformation"
  ],
  "activity_type": [
    "Sill"
  ],
  "intensity_level": [
    "Medium"
  ],
  "phase": "Unrest",
  "confidence": 0.6,
  "segmentation_mask": [
    [
      618.21875,
      186.47265625,
      610.1406214916151,
      169.6697265578823,
      611.7563169465848,
      140.91034745942852,
      616.603403311492,
      124.1071147277471,
      634.3760533161549,
      120.55258472681453,
      668.3056578705091,
      119.90630654482811,
      681.5543606012579,
      125.72281018271678,
      688.0171424211348,
      139.29465200445884,
      687.0477251481534,
      153.51277200818913,
      678.3229696913204,
      172.25483928583344,
      660.8734587776507,
      187.11923747155015,
      632.114079679197,
      189.05807201751304
    ]
  ],
  "is_crowd": 0,
  "caption": " A wave-like patterns caused by atmospheric delays can be detected on the top, topmost-left and  topmost-left right side of the region. A sill-type deformation pattern of medium intensity is detected in top-right side of the region. "
}