{
  "uniqueID": 1634,
  "frameID": "124D_05291_081406",
  "primary_date": "20180607",
  "secondary_date": "20180619",
  "corrupted": 0,
  "processing_error": 0,
  "glacier_fringes": 0,
  "orbital_fringes": 0,
  "atmospheric_fringes": 3,
  "low_coherence": 0,
  "no_info": 0,
  "image_artifacts": 0,
  "label": [
    "Deformation"
  ],
  "activity_type": [
    "Sill"
  ],
  "intensity_level": [
    "Medium"
  ],
  "phase": "Unrest",
  "confidence": 0.6,
  "segmentation_mask": [
    [
      630.8642578125,
      167.92578125,
      623.8514181092032,
      160.91290652767202,
      623.5397484612549,
      142.36856247468677,
      633.2015075476829,
      129.27843726081483,
      650.9666774807956,
      127.25258454914365,
      662.8101241028689,
      127.25258454914365,
      669.3551867098049,
      130.52511585261163,
      672.6277180132729,
      136.1351695157009,
      673.7185617810956,
      142.83606694661103,
      671.3810394214761,
      152.34199120906487,
      669.1993518858308,
      161.38041099959628,
      663.121793750819,
      169.63965667025332,
      652.2000000000007,
      172.3000000000011,
      634.6040209634557,
      171.35383973397438
    ]
  ],
  "is_crowd": 0,
  "caption": "Vertical stratification effect can be detected on the top side of the region. Turbulent mixing effect can also be detected on the left and central side while a wave-like patterns can be detected on the bottom-right side. A sill-type deformation pattern of medium intensity is detected in top-right side of the region. "
}