{
  "uniqueID": 16378,
  "frameID": "124D_04854_171313",
  "primary_date": "20210329",
  "secondary_date": "20210609",
  "corrupted": 0,
  "processing_error": 0,
  "glacier_fringes": 0,
  "orbital_fringes": 0,
  "atmospheric_fringes": 1,
  "low_coherence": 1,
  "no_info": 0,
  "image_artifacts": 0,
  "label": [
    "Deformation"
  ],
  "activity_type": [
    "Spheroid"
  ],
  "intensity_level": [
    "Low"
  ],
  "phase": "Unrest",
  "confidence": 0.7,
  "segmentation_mask": [
    [
      120.4990234375,
      729.09375,
      122.82690635899053,
      727.3693772978113,
      124.18180279148692,
      723.0583431944196,
      122.71605119633205,
      720.4717227323836,
      118.89770670475627,
      719.4863435087518,
      115.43656218174874,
      717.6387574644414,
      109.16708687138635,
      717.3924126585316,
      105.10239757390264,
      720.3485503294305,
      107.19632842412102,
      724.0437224180514,
      109.16708687138635,
      725.2754464475929,
      113.58897613743648,
      725.0291016416832,
      116.80377585453789,
      724.7827568357752,
      118.39269985264582,
      726.7535152830405,
      117.91232748112452,
      729.7096529539376
    ]
  ],
  "is_crowd": 0,
  "caption": "Noise can be detected on the wider area. Vertical stratification effect can be detected on the bottom-left and central-top side of the region. A spheroid-type of low intensity can be detected on the bottom-left side of the region.   "
}