{
  "uniqueID": 16381,
  "frameID": "124D_04854_171313",
  "primary_date": "20210329",
  "secondary_date": "20210627",
  "corrupted": 0,
  "processing_error": 0,
  "glacier_fringes": 0,
  "orbital_fringes": 0,
  "atmospheric_fringes": 2,
  "low_coherence": 1,
  "no_info": 0,
  "image_artifacts": 0,
  "label": [
    "Deformation"
  ],
  "activity_type": [
    "Spheroid"
  ],
  "intensity_level": [
    "Low"
  ],
  "phase": "Unrest",
  "confidence": 0.7,
  "segmentation_mask": [
    [
      118.4052734375,
      725.15234375,
      111.01467291569679,
      724.5364120298673,
      102.51577711186656,
      722.6888259855568,
      104.60970796208676,
      717.6387574644414,
      106.94998361821308,
      715.914343823084,
      114.95618981022744,
      715.2984818083132,
      122.83922359928692,
      717.2692402555786,
      128.99784374698902,
      719.2399987028439,
      131.5844642090251,
      722.6888259855568,
      128.62832653812802,
      728.601101327351,
      121.73067197270029,
      731.1877217893871,
      118.89770670475627,
      730.5718597746163,
      118.89770670475627,
      728.1084117155351
    ]
  ],
  "is_crowd": 0,
  "caption": "Noise can be detected on the wider area. Turbulent mixing effect can be detected on the bottom-left, top-right and central-top side of the region. A spheroid-type of low intensity can be detected on the bottom-left side of the region.  "
}