{
  "uniqueID": 1652,
  "frameID": "124D_05291_081406",
  "primary_date": "20180701",
  "secondary_date": "20180719",
  "corrupted": 0,
  "processing_error": 0,
  "glacier_fringes": 0,
  "orbital_fringes": 0,
  "atmospheric_fringes": 2,
  "low_coherence": 0,
  "no_info": 0,
  "image_artifacts": 0,
  "label": [
    "Deformation"
  ],
  "activity_type": [
    "Mogi"
  ],
  "intensity_level": [
    "Low"
  ],
  "phase": "Rebound",
  "confidence": 0.6,
  "segmentation_mask": [
    [
      667.4873046875,
      178.685546875,
      679.6047547522649,
      152.02633218962,
      682.8361456622042,
      130.21444354753476,
      670.9877123257629,
      118.90457536275062,
      634.095999437297,
      122.943814000173,
      607.167741854475,
      141.25502915649122,
      601.512807762083,
      143.94785491477342,
      600.7049600345981,
      157.95054885784157,
      608.7834373094447,
      175.45391628667494,
      634.9038471647818,
      181.10885037906883,
      653.2150623211,
      184.87880644066354,
      661.2935395959466,
      182.45526325820902
    ]
  ],
  "is_crowd": 0,
  "caption": "Turbulent mixing effect can be detected on the left side of the region. A mogi-type deformation pattern of low intensity is detected in top-right side of the region. "
}