{
  "uniqueID": 1655,
  "frameID": "124D_05291_081406",
  "primary_date": "20180707",
  "secondary_date": "20180725",
  "corrupted": 0,
  "processing_error": 0,
  "glacier_fringes": 0,
  "orbital_fringes": 0,
  "atmospheric_fringes": 3,
  "low_coherence": 0,
  "no_info": 0,
  "image_artifacts": 0,
  "label": [
    "Deformation"
  ],
  "activity_type": [
    "Mogi"
  ],
  "intensity_level": [
    "Medium"
  ],
  "phase": "Unrest",
  "confidence": 0.6,
  "segmentation_mask": [
    [
      646.0810546875,
      162.9931640625,
      640.1292312223813,
      159.09743082836758,
      635.9087047397334,
      149.89884746875214,
      636.3415792507749,
      142.86463666434065,
      640.562105733421,
      136.8043935097703,
      646.5141302602315,
      133.12496016592377,
      659.0674910804119,
      133.01674153816384,
      660.1496773580147,
      138.3194542984129,
      663.5044548185797,
      144.05504156970164,
      665.7770460015436,
      147.73447491354818,
      662.7469244242584,
      152.60431316275753,
      660.1496773580147,
      154.98512297348134,
      659.0674910804119,
      161.69467789461305,
      653.2236851813632,
      162.77686417221412
    ]
  ],
  "is_crowd": 0,
  "caption": "Wave-like patterns caused by atmosphreic delays can be detected on the left, top and top-right side of the region. A mogi-type deformation pattern of medium intensity is detected in top-right side of the region. "
}