{
  "uniqueID": 16795,
  "frameID": "106A_09090_000404",
  "primary_date": "20170223",
  "secondary_date": "20170319",
  "corrupted": 0,
  "processing_error": 0,
  "glacier_fringes": 0,
  "orbital_fringes": 0,
  "atmospheric_fringes": 2,
  "low_coherence": 1,
  "no_info": 0,
  "image_artifacts": 0,
  "label": [
    "Deformation"
  ],
  "activity_type": [
    "Mogi"
  ],
  "intensity_level": [
    "High"
  ],
  "phase": "Unrest",
  "confidence": 0.7,
  "segmentation_mask": [
    [
      197.6826171875,
      177.9794921875,
      184.61436350108306,
      176.22081116221852,
      176.32133274711487,
      177.4773309734246,
      173.05438123797467,
      180.49297852032214,
      175.56742086039048,
      192.05296078343054,
      182.60393180315077,
      200.34599153739873,
      188.63522689694582,
      201.35120738636397,
      199.6926012355707,
      201.60251134860482,
      204.46737651815783,
      195.57121625480977,
      203.71346463143345,
      183.50862606721967
    ]
  ],
  "is_crowd": 0,
  "caption": "Noise can be detected on the central area. Turbulent mixing effect can be detected on the wider area. A mogi-type deformation pattern of low intensity can be detected on the leftmost side."
}