{
  "uniqueID": 16874,
  "frameID": "106A_09090_000404",
  "primary_date": "20180113",
  "secondary_date": "20180218",
  "corrupted": 0,
  "processing_error": 0,
  "glacier_fringes": 0,
  "orbital_fringes": 0,
  "atmospheric_fringes": 3,
  "low_coherence": 1,
  "no_info": 0,
  "image_artifacts": 0,
  "label": [
    "Deformation"
  ],
  "activity_type": [
    "Sill"
  ],
  "intensity_level": [
    "High"
  ],
  "phase": "Unrest",
  "confidence": 0.8,
  "segmentation_mask": [
    [
      255.20000000000073,
      132.3000000000011,
      250.5,
      136.5,
      249.5,
      142.70000000000073,
      250.57000000000153,
      146.52000000000226,
      253.90000000000146,
      148.5,
      258.0,
      148.40000000000146,
      262.8000000000011,
      146.90000000000146,
      266.2000000000007,
      144.90000000000146,
      268.10000000000036,
      142.5,
      268.90000000000146,
      139.20000000000073,
      268.8000000000011,
      136.5,
      267.40000000000146,
      134.10000000000036,
      265.2000000000007,
      132.10000000000036,
      261.5,
      131.20000000000073,
      259.0,
      131.40000000000146
    ]
  ],
  "is_crowd": 0,
  "caption": "Noise can be detected on the central side. Vertical stratification effect can be detected on the left side of the region. Turbulent mixing effect can also be detected on the right, top-right and left side. A sill-type deformation pattern of high intensity can be detected on the central side. "
}