{
  "uniqueID": 16887,
  "frameID": "106A_09090_000404",
  "primary_date": "20180314",
  "secondary_date": "20180326",
  "corrupted": 0,
  "processing_error": 0,
  "glacier_fringes": 0,
  "orbital_fringes": 0,
  "atmospheric_fringes": 2,
  "low_coherence": 0,
  "no_info": 0,
  "image_artifacts": 0,
  "label": [
    "Deformation"
  ],
  "activity_type": [
    "Sill"
  ],
  "intensity_level": [
    "Low"
  ],
  "phase": "Unrest",
  "confidence": 0.8,
  "segmentation_mask": [
    [
      268.0,
      143.7001953125,
      267.60000000000036,
      137.20000000000073,
      265.10000000000036,
      133.39999999999964,
      260.0,
      132.0,
      255.20000000000073,
      133.20000000000073,
      251.89999999999964,
      136.10000000000036,
      250.5,
      140.70000000000073,
      250.39999999999964,
      145.0,
      252.5,
      149.39999999999964,
      256.39999999999964,
      148.0,
      259.7000000000007,
      145.3000000000011,
      263.7000000000007,
      145.0
    ]
  ],
  "is_crowd": 0,
  "caption": "Turbulent mixing effect can be detected on the wider top and left side of the region. A sill-type deformation pattern of low intensity can be detected on the central side. "
}