{
  "uniqueID": 16888,
  "frameID": "106A_09090_000404",
  "primary_date": "20180314",
  "secondary_date": "20180407",
  "corrupted": 0,
  "processing_error": 0,
  "glacier_fringes": 0,
  "orbital_fringes": 0,
  "atmospheric_fringes": 2,
  "low_coherence": 1,
  "no_info": 0,
  "image_artifacts": 0,
  "label": [
    "Deformation"
  ],
  "activity_type": [
    "Sill"
  ],
  "intensity_level": [
    "Medium"
  ],
  "phase": "Unrest",
  "confidence": 0.8,
  "segmentation_mask": [
    [
      261.3896484375,
      148.669921875,
      264.89000000000124,
      146.87000000000262,
      265.09000000000196,
      144.96000000000095,
      267.89000000000124,
      143.87000000000262,
      269.2900000000009,
      138.96000000000095,
      266.59000000000196,
      133.07000000000153,
      261.6900000000023,
      130.6700000000019,
      255.9900000000016,
      131.1700000000019,
      251.69000000000233,
      135.46000000000095,
      249.19000000000233,
      142.6700000000019,
      249.4900000000016,
      147.26000000000204,
      253.89000000000124,
      147.46000000000095,
      255.9900000000016,
      146.87000000000262,
      259.4900000000016,
      147.87000000000262
    ]
  ],
  "is_crowd": 0,
  "caption": "Noise can be detected on the central side. Turbulent mixing effect can be detected on the wider top and left side of the region. A sill-type deformation pattern of medium intensity can be detected on the central side."
}