{
  "uniqueID": 16885,
  "frameID": "106A_09090_000404",
  "primary_date": "20180302",
  "secondary_date": "20180326",
  "corrupted": 0,
  "processing_error": 0,
  "glacier_fringes": 0,
  "orbital_fringes": 0,
  "atmospheric_fringes": 2,
  "low_coherence": 1,
  "no_info": 0,
  "image_artifacts": 0,
  "label": [
    "Deformation"
  ],
  "activity_type": [
    "Sill"
  ],
  "intensity_level": [
    "Medium"
  ],
  "phase": "Unrest",
  "confidence": 0.8,
  "segmentation_mask": [
    [
      270.1630859375,
      143.23828125,
      268.74296024285104,
      137.41757497367144,
      266.3294126216879,
      133.30034667874497,
      260.7924504319599,
      131.59666600498167,
      256.2493019685935,
      131.73863939446346,
      252.84194062106872,
      131.4546926155017,
      250.85431316834547,
      132.87442651030506,
      248.86668571562404,
      137.98546853159132,
      248.72471232614225,
      142.24467021599776,
      250.28641961042558,
      148.49149935312562,
      254.97154146327193,
      149.48531307948724,
      260.0825834845582,
      149.05939291104733,
      265.90349245324614,
      146.50387190040237,
      268.74296024285104,
      145.2261113950808
    ]
  ],
  "is_crowd": 0,
  "caption": "Noise can be detected on the central side. Turbulent mixing effect can be detected on the wider area of the region. A sill-type deformation pattern of medium intensity can be detected on the central side."
}