{
  "uniqueID": 1689,
  "frameID": "124D_05291_081406",
  "primary_date": "20180818",
  "secondary_date": "20180911",
  "corrupted": 0,
  "processing_error": 0,
  "glacier_fringes": 0,
  "orbital_fringes": 0,
  "atmospheric_fringes": 3,
  "low_coherence": 0,
  "no_info": 0,
  "image_artifacts": 0,
  "label": [
    "Non_Deformation"
  ],
  "activity_type": [],
  "intensity_level": [],
  "phase": "Rest",
  "confidence": 0.8,
  "segmentation_mask": [],
  "is_crowd": 0,
  "caption": "Vertical stratification effect can be detected on the top and top-left side of the region. Turbulent mixing effect can also be detected on the bottom-left side. No deformation activity can be detected."
}