{
  "uniqueID": 16908,
  "frameID": "106A_09090_000404",
  "primary_date": "20180630",
  "secondary_date": "20180706",
  "corrupted": 0,
  "processing_error": 0,
  "glacier_fringes": 0,
  "orbital_fringes": 0,
  "atmospheric_fringes": 1,
  "low_coherence": 0,
  "no_info": 0,
  "image_artifacts": 0,
  "label": [
    "Deformation"
  ],
  "activity_type": [
    "Mogi"
  ],
  "intensity_level": [
    "High"
  ],
  "phase": "Unrest",
  "confidence": 0.8,
  "segmentation_mask": [
    [
      247.70000000000073,
      127.60000000000036,
      244.5893114373648,
      131.73750360734812,
      242.54489462885067,
      144.82177118184336,
      244.9981947990691,
      151.36390496909007,
      250.10923682035536,
      156.2705053095251,
      253.58474539482995,
      157.49715539463432,
      262.37573767144386,
      155.86162194782264,
      266.8734546501764,
      154.02164682015973,
      269.7356381820973,
      147.07062967120874,
      271.9844966714645,
      138.48407907544788,
      269.5311965012461,
      131.12417856479442,
      264.8290378416623,
      126.01313654350633,
      255.42472052249468,
      122.53762796903175,
      251.33588690546458,
      123.96871973499219
    ]
  ],
  "is_crowd": 0,
  "caption": "Vertical stratification effect can be detected on the left side of the region. A mogi-type deformation pattern of high intensity can be detected on the central side."
}