{
  "uniqueID": 16914,
  "frameID": "106A_09090_000404",
  "primary_date": "20180712",
  "secondary_date": "20180718",
  "corrupted": 0,
  "processing_error": 0,
  "glacier_fringes": 0,
  "orbital_fringes": 0,
  "atmospheric_fringes": 2,
  "low_coherence": 0,
  "no_info": 0,
  "image_artifacts": 0,
  "label": [
    "Deformation"
  ],
  "activity_type": [
    "Mogi"
  ],
  "intensity_level": [
    "High"
  ],
  "phase": "Unrest",
  "confidence": 0.8,
  "segmentation_mask": [
    [
      257.416015625,
      126.6064453125,
      249.32009193226804,
      128.56865755414947,
      244.4134915918312,
      134.70190797969371,
      244.4134915918312,
      143.2884585754564,
      249.56542194928988,
      151.38434913717538,
      258.3973025620726,
      153.83764930739198,
      264.2852229705968,
      153.59231929037014,
      270.1731433791192,
      147.4590688648259,
      270.90913343018474,
      140.58982838821612,
      269.19182331103184,
      130.5312976903242,
      262.81324286846575,
      128.07799752010578
    ]
  ],
  "is_crowd": 0,
  "caption": "Turbulent mixing effect can be detected on the left and central side of the region. A mogi-type deformation pattern of high intensity can be detected on the central side."
}