{
  "uniqueID": 16918,
  "frameID": "106A_09090_000404",
  "primary_date": "20180718",
  "secondary_date": "20180730",
  "corrupted": 0,
  "processing_error": 0,
  "glacier_fringes": 0,
  "orbital_fringes": 0,
  "atmospheric_fringes": 2,
  "low_coherence": 0,
  "no_info": 0,
  "image_artifacts": 0,
  "label": [
    "Deformation"
  ],
  "activity_type": [
    "Mogi"
  ],
  "intensity_level": [
    "High"
  ],
  "phase": "Unrest",
  "confidence": 0.8,
  "segmentation_mask": [
    [
      269.265625,
      130.44921875,
      262.7232885288904,
      126.76957076265717,
      255.97671306079246,
      124.52071227328997,
      245.55018733736688,
      128.40510420946885,
      240.64358699693184,
      142.51158018822025,
      245.55018733736688,
      152.7336642307946,
      256.3855964224949,
      154.36919767760628,
      263.54105525229716,
      153.3469892733483,
      270.9009557629506,
      149.25815565632,
      271.71872248635555,
      138.2183048903389
    ]
  ],
  "is_crowd": 0,
  "caption": "Turbulent mixing effect can be detected on the left and central side of the region. A mogi-type deformation pattern of high intensity can be detected on the central side. "
}