{
  "uniqueID": 16928,
  "frameID": "106A_09090_000404",
  "primary_date": "20180805",
  "secondary_date": "20180823",
  "corrupted": 0,
  "processing_error": 0,
  "glacier_fringes": 0,
  "orbital_fringes": 0,
  "atmospheric_fringes": 2,
  "low_coherence": 0,
  "no_info": 0,
  "image_artifacts": 0,
  "label": [
    "Deformation"
  ],
  "activity_type": [
    "Mogi"
  ],
  "intensity_level": [
    "High"
  ],
  "phase": "Unrest",
  "confidence": 0.8,
  "segmentation_mask": [
    [
      270.2021484375,
      134.7939453125,
      263.89882819378727,
      130.53470505167206,
      251.78565860333765,
      129.34212858003775,
      247.69682498630755,
      135.3050109382075,
      248.37829725581287,
      142.80120590276056,
      251.10418633383233,
      149.10482439568113,
      256.91373743136137,
      150.29740086731545,
      264.7506685306689,
      149.61592859781013,
      268.14099307145625,
      144.84562271127652,
      270.20244668670784,
      139.75161749672588
    ]
  ],
  "is_crowd": 0,
  "caption": "Turbulent mixing effect can be detected on the central and right side of the region. A mogi-type deformation pattern of high intensity can be detected on the central side."
}