{
  "uniqueID": 16926,
  "frameID": "106A_09090_000404",
  "primary_date": "20180805",
  "secondary_date": "20180811",
  "corrupted": 0,
  "processing_error": 0,
  "glacier_fringes": 0,
  "orbital_fringes": 0,
  "atmospheric_fringes": 2,
  "low_coherence": 0,
  "no_info": 0,
  "image_artifacts": 0,
  "label": [
    "Deformation"
  ],
  "activity_type": [
    "Mogi"
  ],
  "intensity_level": [
    "High"
  ],
  "phase": "Unrest",
  "confidence": 0.8,
  "segmentation_mask": [
    [
      264.8603515625,
      131.1201171875,
      257.3600000000024,
      130.22000000000116,
      251.3600000000024,
      132.53000000000247,
      249.26000000000204,
      137.03000000000247,
      248.96000000000095,
      142.83000000000175,
      251.26000000000204,
      148.12000000000262,
      256.6600000000017,
      149.12000000000262,
      260.96000000000095,
      148.4200000000019,
      265.3600000000024,
      146.22000000000116,
      268.76000000000204,
      142.62000000000262,
      270.1600000000017,
      138.53000000000247,
      267.76000000000204,
      133.72000000000116
    ]
  ],
  "is_crowd": 0,
  "caption": "Turbulent mixing effect can be detected on the right side of the region. A mogi-type deformation pattern of high intensity can be detected on the central side."
}