{
  "uniqueID": 16994,
  "frameID": "106A_09090_000404",
  "primary_date": "20190102",
  "secondary_date": "20190126",
  "corrupted": 0,
  "processing_error": 0,
  "glacier_fringes": 0,
  "orbital_fringes": 0,
  "atmospheric_fringes": 2,
  "low_coherence": 1,
  "no_info": 0,
  "image_artifacts": 0,
  "label": [
    "Deformation"
  ],
  "activity_type": [
    "Sill"
  ],
  "intensity_level": [
    "Medium"
  ],
  "phase": "Unrest",
  "confidence": 0.8,
  "segmentation_mask": [
    [
      264.1142578125,
      132.2080078125,
      256.842379893229,
      131.6266903736123,
      253.20661655061667,
      132.64470410954345,
      250.8797280113431,
      135.40788424993116,
      249.57085320800252,
      138.46192545772647,
      249.71628374170723,
      141.9522582666359,
      250.00714480911665,
      145.29716054184064,
      252.04317228097898,
      147.9149101485218,
      256.260657758412,
      148.78749335075008,
      259.7509905673214,
      148.35120174963595,
      263.6776149773432,
      146.60603534518123,
      266.4407951177309,
      144.42457733961237,
      268.76768365700264,
      141.8068277329312,
      269.60000000000036,
      139.8000000000011,
      269.4948363255262,
      137.2984811880906,
      266.8770867188432,
      134.24443998029346
    ]
  ],
  "is_crowd": 0,
  "caption": "Noise can be detected on the central side. Turbulent mixing effect can be detected on the left and top-right side of the region. A sill-type deformation pattern of medium intensity can be detected on the central side."
}