{
  "uniqueID": 16996,
  "frameID": "106A_09090_000404",
  "primary_date": "20190114",
  "secondary_date": "20190126",
  "corrupted": 0,
  "processing_error": 0,
  "glacier_fringes": 0,
  "orbital_fringes": 0,
  "atmospheric_fringes": 2,
  "low_coherence": 1,
  "no_info": 0,
  "image_artifacts": 0,
  "label": [
    "Deformation"
  ],
  "activity_type": [
    "Sill"
  ],
  "intensity_level": [
    "Low"
  ],
  "phase": "Unrest",
  "confidence": 0.8,
  "segmentation_mask": [
    [
      263.66015625,
      133.8056640625,
      265.8485361306175,
      135.2642334563625,
      267.3075786185982,
      137.81755781032916,
      266.3348836266123,
      141.58675090427823,
      263.7815592726456,
      144.50483588023963,
      260.98506117068246,
      145.23435712422906,
      257.9453893207228,
      147.17974710820454,
      254.41936997477023,
      147.54450773019926,
      250.7717637548194,
      144.38324900624139,
      250.04224251082996,
      140.12770841629754,
      252.8387406127913,
      136.115341574352,
      255.1488912187615,
      133.8051909683818,
      260.62030054868774,
      133.1972565983906
    ]
  ],
  "is_crowd": 0,
  "caption": "Noise can be detected on the central side. Turbulent mixing effect can be detected on the central and top-right side of the region. A sill-type deformation pattern of low intensity can be detected on the central side. "
}